game_id,label,source_class,source_username,engine_nonmate_move_count,critical_nonmate_positions_count,time_pressure_positions_count,best_move_ratio,top2_move_ratio,top3_move_ratio,best_move_ratio_in_critical_positions,best_move_ratio_under_time_pressure
0RzqMczL,1,bot,maia9,80,16,27,0.4875,0.575,0.7375,0.625,0.37037037037037035
1Cw9ORZG,1,bot,maia1,36,8,10,0.4444444444444444,0.5277777777777778,0.5833333333333334,0.625,0.3
1Ow2TTvu,0,human,,38,8,11,0.21052631578947367,0.34210526315789475,0.5526315789473685,0.375,0.18181818181818182
1l8gol7G,1,bot,Boris-Trapsky,45,9,9,0.4,0.6444444444444445,0.7555555555555555,0.6666666666666666,0.1111111111111111
2QGJsvYU,1,bot,maia5,66,14,25,0.36363636363636365,0.5757575757575758,0.6818181818181818,0.7142857142857143,0.32
3YP5ygrm,1,bot,simpleEval,85,17,12,0.5647058823529412,0.7647058823529411,0.8235294117647058,0.8823529411764706,0.5
3nZBcFcx,0,human,,64,13,27,0.34375,0.59375,0.65625,0.6153846153846154,0.4074074074074074
4U9hQkO5,0,human,,62,14,22,0.3387096774193548,0.5806451612903226,0.6774193548387096,0.5,0.3181818181818182
4XdOH7vq,0,human,,98,20,12,0.42857142857142855,0.6530612244897959,0.7040816326530612,0.7,0.6666666666666666
4f8UxP39,0,human,,99,20,38,0.42424242424242425,0.5757575757575758,0.7070707070707071,0.85,0.5
4mvvdAHi,1,bot,Boris-Trapsky,75,15,24,0.4533333333333333,0.6533333333333333,0.7066666666666667,0.9333333333333333,0.5416666666666666
4oprdF2Y,1,bot,maia5,40,8,17,0.425,0.55,0.75,0.875,0.35294117647058826
5YkH7xvt,0,human,,48,10,15,0.4583333333333333,0.625,0.75,0.9,0.6
5glLVBCA,1,bot,OpeningsBot,28,6,19,0.35714285714285715,0.6071428571428571,0.75,0.6666666666666666,0.3684210526315789
5hjxOnS8,1,bot,OpeningsBot,119,24,32,0.5042016806722689,0.6722689075630253,0.7815126050420168,0.875,0.5625
7VmqNIj4,1,bot,maia5,34,7,11,0.4411764705882353,0.5294117647058824,0.5588235294117647,1.0,0.36363636363636365
7nDgDPHo,1,bot,maia5,73,16,43,0.3698630136986301,0.5205479452054794,0.6164383561643836,0.75,0.37209302325581395
7yl3qckK,1,bot,OpeningsBot,129,28,43,0.34108527131782945,0.5503875968992248,0.6434108527131783,0.6785714285714286,0.23255813953488372
9Bcf79Q3,1,bot,maia9,45,9,8,0.3333333333333333,0.5333333333333333,0.6444444444444445,0.4444444444444444,0.5
9JHEpppr,1,bot,OpeningsBot,124,25,74,0.4112903225806452,0.7258064516129032,0.7903225806451613,0.76,0.32432432432432434
9f5NdOK1,0,human,,162,33,69,0.41358024691358025,0.5679012345679012,0.6851851851851852,0.6363636363636364,0.4492753623188406
AUUdRQM9,1,bot,OpeningsBot,60,12,19,0.48333333333333334,0.65,0.7333333333333333,0.8333333333333334,0.42105263157894735
BMOVEMrk,0,human,,120,24,63,0.475,0.6083333333333333,0.7416666666666667,0.8333333333333334,0.4603174603174603
BcttHfAZ,0,human,,83,17,9,0.3373493975903614,0.4457831325301205,0.5542168674698795,0.6470588235294118,0.1111111111111111
CDWwP856,0,human,,76,16,34,0.47368421052631576,0.5921052631578947,0.6842105263157895,0.5625,0.5294117647058824
DSZIvFmR,1,bot,Boris-Trapsky,40,8,7,0.525,0.625,0.8,0.875,0.5714285714285714
DV3Eg0pP,0,human,,42,9,18,0.47619047619047616,0.6428571428571429,0.7857142857142857,0.8888888888888888,0.5
FIHrMK1X,1,bot,OpeningsBot,108,22,46,0.48148148148148145,0.6111111111111112,0.7037037037037037,0.7727272727272727,0.4782608695652174
GfKHhR2Y,1,bot,maia9,94,19,26,0.46808510638297873,0.648936170212766,0.7659574468085106,0.8421052631578947,0.4230769230769231
HtaZAPmu,0,human,,132,27,50,0.4621212121212121,0.5984848484848485,0.7272727272727273,0.8518518518518519,0.52
J639pqWz,1,bot,Lynx_BOT,177,36,125,0.5649717514124294,0.7740112994350282,0.8757062146892656,0.8888888888888888,0.496
J7crNnK6,1,bot,maia5,66,13,41,0.36363636363636365,0.5151515151515151,0.6212121212121212,0.46153846153846156,0.3902439024390244
Kp2Gd4vC,0,human,,79,16,13,0.4050632911392405,0.5189873417721519,0.6835443037974683,0.5625,0.23076923076923078
L3tddKmt,1,bot,OpeningsBot,43,9,23,0.5116279069767442,0.6511627906976745,0.8372093023255814,0.6666666666666666,0.5217391304347826
LblTm7bN,1,bot,maia1,56,12,5,0.35714285714285715,0.5357142857142857,0.5892857142857143,0.5833333333333334,0.6
M540gZiK,0,human,,112,23,36,0.5267857142857143,0.6875,0.7589285714285714,0.782608695652174,0.5833333333333334
MXEUbkdu,0,human,,55,11,18,0.2727272727272727,0.43636363636363634,0.5454545454545454,0.7272727272727273,0.05555555555555555
MqNsw8FD,1,bot,simpleEval,55,11,7,0.3090909090909091,0.4909090909090909,0.5818181818181818,0.6363636363636364,0.14285714285714285
N4MtsNN1,1,bot,Boris-Trapsky,57,12,4,0.45614035087719296,0.6491228070175439,0.7368421052631579,0.9166666666666666,0.5
N8R8aAnp,0,human,,42,9,17,0.3333333333333333,0.5238095238095238,0.6190476190476191,0.5555555555555556,0.17647058823529413
Nut3mEt5,0,human,,36,8,2,0.5277777777777778,0.7777777777777778,0.8888888888888888,1.0,1.0
O8YHWV0P,1,bot,simpleEval,103,21,16,0.5728155339805825,0.7378640776699029,0.8058252427184466,0.9523809523809523,0.6875
OlE1rJJn,1,bot,maia9,33,7,12,0.36363636363636365,0.6363636363636364,0.696969696969697,0.7142857142857143,0.4166666666666667
PQDRNfmH,0,human,,65,13,28,0.35384615384615387,0.46153846153846156,0.6,0.6923076923076923,0.35714285714285715
QAVWOY3f,1,bot,Boris-Trapsky,80,16,12,0.4375,0.5875,0.6625,0.875,0.4166666666666667
QSkSob8s,1,bot,simpleEval,81,17,12,0.5308641975308642,0.7530864197530864,0.8641975308641975,0.8823529411764706,0.3333333333333333
QdlSMPUR,1,bot,maia5,73,15,15,0.4931506849315068,0.6986301369863014,0.7671232876712328,0.8,0.4666666666666667
R0GX1lCZ,1,bot,maia5,28,6,12,0.6785714285714286,0.7857142857142857,0.7857142857142857,1.0,0.6666666666666666
RXQi6XPy,1,bot,maia5,44,9,7,0.3181818181818182,0.5454545454545454,0.6136363636363636,0.5555555555555556,0.2857142857142857
SeC9rRMq,1,bot,maia5,59,12,13,0.4576271186440678,0.5423728813559322,0.6271186440677966,0.75,0.46153846153846156
SkSJo2k9,0,human,,60,12,14,0.43333333333333335,0.5833333333333334,0.6333333333333333,0.5833333333333334,0.5714285714285714
T9DB3bw2,0,human,,52,11,4,0.34615384615384615,0.4807692307692308,0.5576923076923077,0.45454545454545453,0.25
U8slih43,0,human,,95,19,25,0.3368421052631579,0.5473684210526316,0.6421052631578947,0.7894736842105263,0.4
UnED8jKk,0,human,,49,10,12,0.4489795918367347,0.6938775510204082,0.7755102040816326,0.8,0.5833333333333334
V1iCZ0dv,0,human,,39,8,10,0.358974358974359,0.46153846153846156,0.717948717948718,0.375,0.2
VKOgeBjE,0,human,,26,6,10,0.5,0.6153846153846154,0.8076923076923077,0.6666666666666666,0.4
WOQH6rNk,0,human,,89,18,23,0.29213483146067415,0.43820224719101125,0.5280898876404494,0.6111111111111112,0.2608695652173913
Wmjffc1x,0,human,,69,15,25,0.37681159420289856,0.5217391304347826,0.5942028985507246,0.5333333333333333,0.48
YY2xnczX,0,human,,62,13,24,0.3387096774193548,0.5806451612903226,0.6935483870967742,0.6923076923076923,0.2916666666666667
YcgFlqIp,0,human,,96,20,31,0.3645833333333333,0.5,0.59375,0.7,0.3870967741935484
Z2vlJCS8,0,human,,36,8,11,0.6111111111111112,0.8611111111111112,0.9166666666666666,0.875,0.7272727272727273
ZGHzdcsG,0,human,,70,14,20,0.32857142857142857,0.5285714285714286,0.6571428571428571,0.6428571428571429,0.4
ZGqhoOab,1,bot,Boris-Trapsky,118,24,73,0.4830508474576271,0.6016949152542372,0.711864406779661,0.7083333333333334,0.4246575342465753
ZhNGLISm,1,bot,maia5,62,13,11,0.3225806451612903,0.532258064516129,0.6129032258064516,0.6153846153846154,0.2727272727272727
ZwtuuIMl,1,bot,Boris-Trapsky,52,11,9,0.36538461538461536,0.5961538461538461,0.6730769230769231,0.7272727272727273,0.3333333333333333
ZzC1Y5TH,1,bot,OpeningsBot,43,9,16,0.5116279069767442,0.6511627906976745,0.7209302325581395,0.7777777777777778,0.3125
a6rX0AcI,0,human,,87,19,29,0.39080459770114945,0.5862068965517241,0.7126436781609196,0.7368421052631579,0.3103448275862069
aTH3trO5,0,human,,123,25,45,0.44715447154471544,0.6178861788617886,0.7723577235772358,0.84,0.5111111111111111
adxV7ywn,0,human,,125,25,40,0.344,0.496,0.632,0.44,0.425
atbLOLuV,0,human,,65,13,20,0.3384615384615385,0.4307692307692308,0.5384615384615384,0.5384615384615384,0.25
bZ7Jg8Tj,1,bot,simpleEval,161,33,35,0.5031055900621118,0.6770186335403726,0.7391304347826086,0.6666666666666666,0.5142857142857142
cdS7HYOj,1,bot,maia1,53,10,22,0.4716981132075472,0.6226415094339622,0.7358490566037735,0.5,0.45454545454545453
d4I3sUFi,1,bot,maia1,83,16,23,0.3132530120481928,0.42168674698795183,0.5301204819277109,0.5,0.34782608695652173
dOj8Zr6n,1,bot,maia9,57,12,11,0.5263157894736842,0.631578947368421,0.7368421052631579,0.9166666666666666,0.5454545454545454
dnpJ86OI,0,human,,47,10,12,0.3404255319148936,0.5531914893617021,0.723404255319149,0.9,0.25
eS5CaW0M,0,human,,31,7,6,0.3870967741935484,0.6451612903225806,0.7096774193548387,0.5714285714285714,0.16666666666666666
fEcUdMpv,1,bot,OpeningsBot,58,12,21,0.43103448275862066,0.6379310344827587,0.7241379310344828,0.9166666666666666,0.3333333333333333
fHAAAJCR,1,bot,maia1,51,11,28,0.39215686274509803,0.6274509803921569,0.6470588235294118,0.7272727272727273,0.32142857142857145
fKvwCbRJ,1,bot,Lynx_BOT,38,8,4,0.5789473684210527,0.7368421052631579,0.8157894736842105,0.875,0.5
fQmnpjfo,1,bot,Boris-Trapsky,84,17,23,0.4880952380952381,0.6190476190476191,0.7738095238095238,0.8823529411764706,0.5217391304347826
fbB3EUqo,1,bot,maia9,70,14,17,0.4857142857142857,0.6428571428571429,0.7428571428571429,0.8571428571428571,0.4117647058823529
gE3vyQe9,0,human,,87,18,29,0.45977011494252873,0.5977011494252874,0.6781609195402298,0.8333333333333334,0.4482758620689655
gz3EOlpE,0,human,,88,18,26,0.5,0.625,0.6931818181818182,0.8888888888888888,0.5
h6SKB2ce,0,human,,36,8,11,0.4722222222222222,0.6666666666666666,0.7222222222222222,0.5,0.6363636363636364
hVE1HxHW,0,human,,37,8,15,0.40540540540540543,0.5675675675675675,0.6756756756756757,0.625,0.4666666666666667
hXFJaM5J,0,human,,96,19,32,0.3541666666666667,0.4895833333333333,0.5833333333333334,0.47368421052631576,0.3125
iCDVQkDW,0,human,,72,16,17,0.375,0.5833333333333334,0.7222222222222222,0.625,0.23529411764705882
kATnDxMn,0,human,,54,11,11,0.2962962962962963,0.46296296296296297,0.5,0.7272727272727273,0.36363636363636365
lIORaCM5,0,human,,20,4,13,0.35,0.5,0.55,0.75,0.46153846153846156
lQHTTKcy,1,bot,maia9,24,5,13,0.375,0.625,0.6666666666666666,1.0,0.38461538461538464
lQZr2DEt,0,human,,45,9,19,0.5777777777777777,0.7333333333333333,0.7555555555555555,0.8888888888888888,0.5789473684210527
ludo21cy,1,bot,maia9,38,8,7,0.34210526315789475,0.5,0.6052631578947368,0.5,0.2857142857142857
nRKjBCaU,1,bot,Boris-Trapsky,79,16,16,0.43037974683544306,0.6582278481012658,0.7088607594936709,0.875,0.4375
nc9yszM8,0,human,,27,6,7,0.3333333333333333,0.4444444444444444,0.6296296296296297,0.6666666666666666,0.7142857142857143
nmcBqLsi,0,human,,82,17,20,0.43902439024390244,0.5853658536585366,0.7073170731707317,0.7058823529411765,0.6
npKvG0uJ,0,human,,68,14,21,0.4117647058823529,0.6029411764705882,0.6764705882352942,0.42857142857142855,0.42857142857142855
oiaIinzY,1,bot,maia1,39,8,12,0.358974358974359,0.48717948717948717,0.5641025641025641,0.75,0.25
onRtccuS,0,human,,76,15,13,0.4868421052631579,0.6578947368421053,0.7368421052631579,0.8,0.6153846153846154
owCIERKL,0,human,,92,19,28,0.3804347826086957,0.5869565217391305,0.6956521739130435,0.8421052631578947,0.35714285714285715
ozBisFxV,0,human,,114,23,25,0.3333333333333333,0.5175438596491229,0.6403508771929824,0.6521739130434783,0.36
pMyZ0xDV,1,bot,OpeningsBot,104,21,26,0.47115384615384615,0.6442307692307693,0.7596153846153846,0.8095238095238095,0.38461538461538464
pSkyJ2ji,0,human,,105,21,48,0.41904761904761906,0.638095238095238,0.6952380952380952,0.7619047619047619,0.4791666666666667
pTIJrung,1,bot,OpeningsBot,85,17,36,0.38823529411764707,0.5529411764705883,0.6941176470588235,0.8235294117647058,0.4444444444444444
q01FXTQp,1,bot,maia5,66,14,45,0.3484848484848485,0.5454545454545454,0.6212121212121212,0.5714285714285714,0.3111111111111111
qV2o1E2u,0,human,,58,12,18,0.43103448275862066,0.6206896551724138,0.6379310344827587,0.8333333333333334,0.5
qgvA0zos,1,bot,Lynx_BOT,119,25,16,0.4957983193277311,0.7226890756302521,0.865546218487395,0.8,0.625
rhCE4nBF,0,human,,74,15,17,0.3918918918918919,0.6351351351351351,0.7297297297297297,0.7333333333333333,0.17647058823529413
sMiLZwVF,1,bot,Boris-Trapsky,48,10,4,0.4583333333333333,0.5416666666666666,0.6666666666666666,0.6,0.0
ugkFRLNo,0,human,,39,9,14,0.48717948717948717,0.717948717948718,0.7692307692307693,0.6666666666666666,0.5
vMCpnFc5,1,bot,maia1,34,7,13,0.5588235294117647,0.7352941176470589,0.7647058823529411,0.8571428571428571,0.6923076923076923
wIWireHB,1,bot,Boris-Trapsky,57,12,7,0.47368421052631576,0.5964912280701754,0.6666666666666666,0.6666666666666666,0.42857142857142855
xMj1eZo5,0,human,,86,17,15,0.4418604651162791,0.5581395348837209,0.6627906976744186,0.6470588235294118,0.5333333333333333
xmAJ0Jje,0,human,,55,11,18,0.45454545454545453,0.6909090909090909,0.7454545454545455,1.0,0.4444444444444444
xpxWZXc9,1,bot,simpleEval,147,29,38,0.5306122448979592,0.7482993197278912,0.8231292517006803,0.8620689655172413,0.5
y7qnWukP,1,bot,Lynx_BOT,44,8,7,0.5,0.7954545454545454,0.8863636363636364,0.875,0.42857142857142855
yUMQtabt,0,human,,25,5,7,0.52,0.64,0.72,0.8,0.14285714285714285
yYCBCAIS,0,human,,50,10,8,0.46,0.56,0.64,0.9,0.25
z73rg3cI,0,human,,80,16,12,0.425,0.5625,0.675,0.625,0.3333333333333333
zQoUl4z6,1,bot,simpleEval,123,25,24,0.43089430894308944,0.6991869918699187,0.7723577235772358,0.76,0.4583333333333333
zxqYUmlE,1,bot,maia1,137,28,90,0.36496350364963503,0.5255474452554745,0.708029197080292,0.6428571428571429,0.32222222222222224
