game_id,label,source_class,source_username,early_move_count,middle_move_count,late_move_count,early_avg_time,middle_avg_time,late_avg_time,early_cpl_mean,middle_cpl_mean,late_cpl_mean,early_cpl_std,middle_cpl_std,late_cpl_std,time_early_to_middle_diff,time_middle_to_late_diff,cpl_early_to_middle_diff,cpl_middle_to_late_diff
0RzqMczL,1,bot,maia9,26,27,27,3.3846153846153846,5.518518518518518,4.36,45.84615384615385,47.888888888888886,23.85185185185185,51.58241524134148,56.41994218840719,26.99204780521094,2.1339031339031336,-1.1585185185185178,2.042735042735039,-24.037037037037035
1Cw9ORZG,1,bot,maia1,12,13,13,2.4166666666666665,4.923076923076923,5.363636363636363,28.833333333333332,53.07692307692308,106.0,38.27060084306084,83.03332189174836,110.5786433432621,2.506410256410257,0.44055944055943996,24.243589743589748,52.92307692307692
1Ow2TTvu,0,human,,12,13,13,2.4166666666666665,10.307692307692308,10.181818181818182,23.833333333333332,32.76923076923077,80.07692307692308,18.329545063154793,26.764367374304694,72.09231425851114,7.891025641025642,-0.12587412587412672,8.935897435897434,47.307692307692314
1l8gol7G,1,bot,Boris-Trapsky,16,16,16,4.3125,5.625,2.857142857142857,11.3125,76.8125,114.6923076923077,16.765734214462544,96.91311750093483,150.24819702764879,1.3125,-2.767857142857143,65.5,37.87980769230769
2QGJsvYU,1,bot,maia5,24,24,24,2.9166666666666665,4.333333333333333,5.818181818181818,16.166666666666668,34.916666666666664,59.166666666666664,25.208574379012834,40.08731788927211,81.78036303280744,1.4166666666666665,1.4848484848484853,18.749999999999996,24.25
3YP5ygrm,1,bot,simpleEval,28,28,29,6.107142857142857,9.964285714285714,8.962962962962964,16.535714285714285,38.642857142857146,1.5862068965517242,29.232421021453394,61.864606939967985,4.838902991804069,3.8571428571428568,-1.0013227513227498,22.10714285714286,-37.05665024630542
3nZBcFcx,0,human,,21,21,22,4.0476190476190474,8.761904761904763,15.95,13.238095238095237,58.285714285714285,95.5,22.131435866539235,68.74115898626899,204.9744440833362,4.714285714285715,7.1880952380952365,45.04761904761905,37.214285714285715
4U9hQkO5,0,human,,22,22,22,10.272727272727273,9.363636363636363,9.2,24.272727272727273,33.5,64.72222222222223,36.36079534356377,59.80023563346705,112.4706408878708,-0.9090909090909101,-0.16363636363636402,9.227272727272727,31.22222222222223
4XdOH7vq,0,human,,33,33,34,6.96969696969697,8.818181818181818,10.34375,14.121212121212121,47.63636363636363,72.09375,21.225709933171277,64.88349380693862,96.57295149749488,1.8484848484848486,1.5255681818181817,33.515151515151516,24.457386363636367
4f8UxP39,0,human,,33,33,33,5.484848484848484,5.757575757575758,3.774193548387097,50.09090909090909,44.484848484848484,50.15151515151515,50.026274088458294,43.36464221775631,75.15282256927253,0.2727272727272734,-1.9833822091886608,-5.606060606060609,5.666666666666664
4mvvdAHi,1,bot,Boris-Trapsky,25,25,25,7.56,5.84,4.043478260869565,20.32,14.32,24.48,36.29734976551318,20.27751464060623,46.7368120436129,-1.7199999999999998,-1.7965217391304344,-6.0,10.16
4oprdF2Y,1,bot,maia5,14,15,15,3.0714285714285716,4.733333333333333,6.076923076923077,17.428571428571427,30.8,26.363636363636363,26.248031996198677,40.2313310741765,41.596050352872176,1.6619047619047618,1.3435897435897433,13.371428571428574,-4.436363636363637
5YkH7xvt,0,human,,16,16,16,1.4375,7.9375,19.214285714285715,3.125,22.0625,77.0,4.662014049742879,21.795838909067022,119.81652640600127,6.5,11.276785714285715,18.9375,54.9375
5glLVBCA,1,bot,OpeningsBot,9,9,10,1.1111111111111112,1.4444444444444444,8.0,5.444444444444445,9.0,43.1,7.33501664182178,9.556847457887635,88.48440540569847,0.33333333333333326,6.555555555555555,3.5555555555555554,34.1
5hjxOnS8,1,bot,OpeningsBot,42,42,43,8.928571428571429,7.333333333333333,4.536585365853658,11.047619047619047,20.833333333333332,26.82857142857143,17.1032611495619,27.41125652222065,45.03807006413619,-1.5952380952380958,-2.796747967479675,9.785714285714285,5.995238095238097
7VmqNIj4,1,bot,maia5,11,11,12,2.0,4.7272727272727275,6.8,39.54545454545455,94.63636363636364,50.25,51.848316596436355,161.6034837199162,38.449371472972956,2.7272727272727275,2.0727272727272723,55.09090909090909,-44.38636363636364
7nDgDPHo,1,bot,maia5,25,25,25,2.0,3.48,3.6956521739130435,37.32,23.8,62.63636363636363,47.43308549946967,22.360679774997898,76.78100229906866,1.48,0.21565217391304348,-13.52,38.83636363636363
7yl3qckK,1,bot,OpeningsBot,46,47,47,9.326086956521738,12.27659574468085,1.9555555555555555,25.282608695652176,22.72340425531915,44.25714285714286,54.115280749396575,25.102938818935442,33.94814773583203,2.9505087881591123,-10.321040189125295,-2.5592044403330263,21.53373860182371
9Bcf79Q3,1,bot,maia9,16,16,17,4.5,6.375,18.066666666666666,72.25,32.9375,65.61538461538461,141.15882012825128,37.08009700297452,110.66341099272324,1.875,11.691666666666666,-39.3125,32.67788461538461
9JHEpppr,1,bot,OpeningsBot,41,41,42,6.146341463414634,4.365853658536586,2.075,12.097560975609756,7.195121951219512,31.69047619047619,23.6939890268055,12.33519555480868,52.32657892197812,-1.7804878048780486,-2.2908536585365855,-4.902439024390244,24.495354239256677
9f5NdOK1,0,human,,59,59,59,7.8474576271186445,8.661016949152541,3.491228070175439,42.47457627118644,26.338983050847457,40.30952380952381,73.06518007967058,68.81924498511842,93.30275555958322,0.813559322033897,-5.169788878977103,-16.135593220338986,13.970540758676353
AUUdRQM9,1,bot,OpeningsBot,23,23,23,6.391304347826087,10.695652173913043,7.809523809523809,9.478260869565217,28.91304347826087,65.61538461538461,11.627813601418728,35.81220710447433,73.87988011895074,4.304347826086956,-2.8861283643892337,19.434782608695656,36.70234113712374
BMOVEMrk,0,human,,40,40,40,3.725,4.4,1.9736842105263157,34.6,45.45,27.7,38.71937499495569,61.409262330694055,51.301656893320704,0.6750000000000003,-2.4263157894736844,10.850000000000001,-17.750000000000004
BcttHfAZ,0,human,,29,29,29,5.517241379310345,11.137931034482758,11.777777777777779,23.137931034482758,32.93103448275862,83.64,24.278164075806792,34.26763933839618,138.2733177442416,5.620689655172413,0.6398467432950206,9.793103448275861,50.70896551724138
CDWwP856,0,human,,30,30,30,9.3,17.966666666666665,1.3928571428571428,27.0,77.73333333333333,74.93333333333334,46.239232980951,72.16090046247729,75.23781555101722,8.666666666666664,-16.573809523809523,50.733333333333334,-2.799999999999997
DSZIvFmR,1,bot,Boris-Trapsky,15,15,16,6.466666666666667,5.666666666666667,5.142857142857143,30.866666666666667,60.0,16.6,42.24352678879399,81.38386408455507,28.086295590554478,-0.7999999999999998,-0.5238095238095237,29.133333333333333,-43.4
DV3Eg0pP,0,human,,14,15,15,1.5,5.2,9.153846153846153,7.928571428571429,36.733333333333334,48.30769230769231,14.757391783269087,56.06004717166129,70.41130221271256,3.7,3.953846153846153,28.804761904761904,11.574358974358972
FIHrMK1X,1,bot,OpeningsBot,37,38,38,11.027027027027026,14.894736842105264,2.7777777777777777,13.891891891891891,25.473684210526315,48.59375,25.894571886352974,31.423873628103426,61.829331315626405,3.8677098150782374,-12.116959064327485,11.581792318634424,23.120065789473685
GfKHhR2Y,1,bot,maia9,36,36,36,7.222222222222222,6.472222222222222,4.529411764705882,14.222222222222221,24.61111111111111,24.391304347826086,23.783877722233875,47.496361134171686,39.103807365429134,-0.75,-1.94281045751634,10.38888888888889,-0.2198067632850247
HtaZAPmu,0,human,,44,44,44,6.9772727272727275,8.159090909090908,5.023809523809524,44.52272727272727,90.0,53.43181818181818,54.49749311847607,152.22456497496776,104.80683481513475,1.1818181818181808,-3.1352813852813846,45.47727272727273,-36.56818181818182
J639pqWz,1,bot,Lynx_BOT,61,61,61,8.78688524590164,2.9344262295081966,0.6101694915254238,4.39344262295082,5.262295081967213,30.745454545454546,9.22448397157206,10.157613052746205,37.18905908600646,-5.852459016393444,-2.3242567379827728,0.8688524590163933,25.483159463487333
J7crNnK6,1,bot,maia5,23,24,24,2.782608695652174,5.208333333333333,2.772727272727273,50.08695652173913,97.29166666666667,104.2,80.12485531071695,142.26017221001183,125.67083989533928,2.425724637681159,-2.43560606060606,47.20471014492754,6.908333333333331
Kp2Gd4vC,0,human,,27,27,27,5.444444444444445,19.59259259259259,7.92,24.037037037037038,65.81481481481481,56.16,26.819674206712204,85.65825165632064,47.342733338919075,14.148148148148147,-11.672592592592592,41.77777777777777,-9.654814814814813
L3tddKmt,1,bot,OpeningsBot,14,14,15,1.0714285714285714,8.428571428571429,9.0,15.785714285714286,14.0,42.93333333333333,28.284722204824316,22.379837864853776,36.35834001833539,7.357142857142858,0.5714285714285712,-1.7857142857142865,28.93333333333333
LblTm7bN,1,bot,maia1,18,19,19,11.777777777777779,12.105263157894736,9.235294117647058,22.666666666666668,57.63157894736842,64.0,28.511206373790795,148.31659257935044,53.68328172571145,0.3274853801169577,-2.8699690402476783,34.96491228070175,6.368421052631582
M540gZiK,0,human,,38,38,38,10.868421052631579,5.921052631578948,3.388888888888889,20.657894736842106,24.44736842105263,72.48648648648648,25.782773028546625,34.04540108707864,107.55755759482143,-4.947368421052631,-2.532163742690059,3.789473684210524,48.039118065433854
MXEUbkdu,0,human,,19,19,19,2.9473684210526314,11.105263157894736,20.11764705882353,48.73684210526316,67.47368421052632,98.17647058823529,42.31441474593331,100.17425261226855,119.7665549377659,8.157894736842104,9.012383900928793,18.736842105263158,30.702786377708975
MqNsw8FD,1,bot,simpleEval,18,18,19,5.333333333333333,6.444444444444445,7.0588235294117645,33.05555555555556,36.05555555555556,48.26315789473684,24.62941381136299,32.07711579965835,58.70877465598007,1.1111111111111116,0.6143790849673199,3.0,12.207602339181285
N4MtsNN1,1,bot,Boris-Trapsky,19,19,19,3.736842105263158,10.526315789473685,10.647058823529411,25.526315789473685,55.1578947368421,81.63157894736842,42.17802922831373,52.794799542433736,130.81172107724572,6.789473684210527,0.12074303405572628,29.631578947368418,26.473684210526322
N8R8aAnp,0,human,,14,14,14,2.4285714285714284,5.214285714285714,13.833333333333334,16.285714285714285,77.07142857142857,53.714285714285715,17.031183883975768,51.407981989618094,91.80058245335653,2.785714285714286,8.61904761904762,60.785714285714285,-23.357142857142854
Nut3mEt5,0,human,,12,12,12,7.833333333333333,13.666666666666666,15.5,3.25,18.5,49.25,4.548351349665063,29.047375096555626,79.6211079634875,5.833333333333333,1.833333333333334,15.25,30.75
O8YHWV0P,1,bot,simpleEval,37,38,38,9.35135135135135,13.289473684210526,4.194444444444445,13.756756756756756,20.0,25.482758620689655,27.268837184105692,30.74855580690785,35.44361300340076,3.938122332859175,-9.095029239766081,6.243243243243244,5.482758620689655
OlE1rJJn,1,bot,maia9,11,11,11,2.8181818181818183,2.909090909090909,4.222222222222222,32.18181818181818,46.45454545454545,69.0909090909091,36.963909134619364,61.27933603420804,66.35641305645603,0.09090909090909083,1.3131313131313131,14.272727272727273,22.63636363636364
PQDRNfmH,0,human,,21,22,22,2.9523809523809526,10.272727272727273,14.5,10.952380952380953,74.18181818181819,66.5909090909091,13.91975708079019,65.41867704092711,166.74903818474394,7.320346320346321,4.227272727272727,63.22943722943724,-7.5909090909090935
QAVWOY3f,1,bot,Boris-Trapsky,26,27,27,11.653846153846153,10.62962962962963,6.28,53.11538461538461,25.037037037037038,54.074074074074076,69.02916157631493,36.168823777433964,105.03859111842019,-1.0242165242165235,-4.3496296296296295,-28.078347578347575,29.037037037037038
QSkSob8s,1,bot,simpleEval,27,27,27,6.962962962962963,17.333333333333332,7.84,14.185185185185185,22.037037037037038,29.333333333333332,26.17892428686783,36.804268554251195,50.58106804373,10.37037037037037,-9.493333333333332,7.851851851851853,7.296296296296294
QdlSMPUR,1,bot,maia5,24,24,25,6.208333333333333,7.291666666666667,9.0,19.333333333333332,50.333333333333336,76.84,39.21380142529186,102.41486979709322,128.34537155659334,1.083333333333334,1.708333333333333,31.000000000000004,26.506666666666668
R0GX1lCZ,1,bot,maia5,10,10,10,1.9,3.3,15.875,10.0,25.4,89.875,16.745148551147583,30.04063914100364,176.78266140942668,1.4,12.575,15.399999999999999,64.475
RXQi6XPy,1,bot,maia5,16,16,16,10.75,7.8125,10.714285714285714,68.5625,63.6875,116.66666666666667,119.62387342729711,59.14570858270277,130.76526891937155,-2.9375,2.9017857142857135,-4.875,52.97916666666667
SeC9rRMq,1,bot,maia5,19,20,20,3.3684210526315788,6.2,8.777777777777779,33.94736842105263,50.85,45.5,46.32661356772951,59.122140522819365,50.91217928943918,2.8315789473684214,2.5777777777777784,16.90263157894737,-5.350000000000001
SkSJo2k9,0,human,,20,20,20,4.35,10.85,10.166666666666666,18.25,19.25,51.6,29.293130594048836,21.535726131245262,90.64292581332533,6.5,-0.6833333333333336,1.0,32.35
T9DB3bw2,0,human,,17,17,18,13.0,17.176470588235293,19.3125,27.0,45.294117647058826,53.44444444444444,33.22826578470239,58.56998298253462,65.01642717397762,4.1764705882352935,2.1360294117647065,18.294117647058826,8.150326797385617
U8slih43,0,human,,31,32,32,4.32258064516129,11.21875,10.133333333333333,22.967741935483872,45.71875,49.4375,29.17852045926022,68.8976752034312,90.43227351863935,6.89616935483871,-1.0854166666666671,22.751008064516128,3.71875
UnED8jKk,0,human,,16,16,17,7.0,11.6875,13.6,11.8125,19.4375,46.64705882352941,19.516719595003664,29.926929240234454,77.26496898676626,4.6875,1.9124999999999996,7.625,27.209558823529413
V1iCZ0dv,0,human,,13,14,14,3.6153846153846154,11.214285714285714,12.0,7.538461538461538,60.285714285714285,42.333333333333336,14.552902880474422,64.04175933541731,43.869756730070385,7.5989010989010985,0.7857142857142865,52.747252747252745,-17.95238095238095
VKOgeBjE,0,human,,8,9,9,6.75,7.777777777777778,2.7142857142857144,25.5,27.666666666666668,115.88888888888889,27.7758888246623,43.46390584279226,172.04550072869577,1.0277777777777777,-5.063492063492063,2.166666666666668,88.22222222222221
WOQH6rNk,0,human,,30,30,31,3.9,7.233333333333333,19.310344827586206,34.2,48.43333333333333,48.724137931034484,42.85977134796685,51.99915597605621,84.01883883647317,3.3333333333333335,12.077011494252872,14.233333333333327,0.29080459770115397
Wmjffc1x,0,human,,23,23,23,2.8260869565217392,7.869565217391305,7.571428571428571,16.391304347826086,81.78260869565217,35.47826086956522,20.921674075579222,87.4359176628377,46.719207078233936,5.043478260869565,-0.2981366459627335,65.3913043478261,-46.30434782608695
YY2xnczX,0,human,,20,21,21,3.7,7.380952380952381,5.0,9.0,51.76190476190476,34.38095238095238,13.375350462698165,87.74525072585587,44.564000194985695,3.680952380952381,-2.3809523809523814,42.76190476190476,-17.38095238095238
YcgFlqIp,0,human,,32,33,33,4.53125,12.212121212121213,12.709677419354838,19.40625,55.90909090909091,51.806451612903224,17.189857792823652,60.02644045517782,70.28303119890123,7.680871212121213,0.49755620723362526,36.50284090909091,-4.102639296187682
Z2vlJCS8,0,human,,14,15,15,3.357142857142857,29.266666666666666,19.692307692307693,2.7857142857142856,27.066666666666666,29.857142857142858,4.662595405819311,29.77575449179341,67.21060411960637,25.909523809523808,-9.574358974358972,24.28095238095238,2.790476190476191
ZGHzdcsG,0,human,,23,23,24,4.6521739130434785,6.0,8.5,19.652173913043477,71.47826086956522,36.041666666666664,26.579836580863443,76.76552077322293,47.179161330919065,1.3478260869565215,2.5,51.82608695652174,-35.436594202898554
ZGqhoOab,1,bot,Boris-Trapsky,41,42,42,5.585365853658536,2.119047619047619,0.675,29.73170731707317,48.45238095238095,52.225806451612904,35.63091586498656,48.80534825345056,81.87744960232881,-3.466318234610917,-1.444047619047619,18.72067363530778,3.773425499231955
ZhNGLISm,1,bot,maia5,22,22,22,4.045454545454546,9.272727272727273,6.35,23.136363636363637,97.36363636363636,48.166666666666664,22.83397678609157,131.28682875657663,55.56402713186933,5.2272727272727275,-2.9227272727272737,74.22727272727272,-49.196969696969695
ZwtuuIMl,1,bot,Boris-Trapsky,17,17,18,6.9411764705882355,15.058823529411764,7.5625,25.41176470588235,70.05882352941177,45.27777777777778,26.780279890312205,68.77283200614417,46.790081517294475,8.117647058823529,-7.4963235294117645,44.64705882352942,-24.78104575163399
ZzC1Y5TH,1,bot,OpeningsBot,14,14,15,3.2857142857142856,6.857142857142857,12.923076923076923,26.785714285714285,43.714285714285715,20.4,35.80139377061133,54.96028250528944,27.829959875405258,3.571428571428571,6.065934065934067,16.92857142857143,-23.314285714285717
a6rX0AcI,0,human,,29,29,29,5.241379310344827,5.275862068965517,6.074074074074074,36.10344827586207,80.65517241379311,27.103448275862068,55.470616532126456,124.73206480487491,72.15994916829877,0.0344827586206895,0.7982120051085575,44.55172413793104,-53.551724137931046
aTH3trO5,0,human,,44,45,45,13.386363636363637,6.844444444444444,4.162790697674419,53.90909090909091,31.844444444444445,36.02857142857143,106.25480057215344,38.8632677504982,53.128677063621794,-6.541919191919193,-2.681653746770025,-22.06464646464646,4.184126984126987
adxV7ywn,0,human,,45,46,46,10.8,10.043478260869565,3.0454545454545454,44.266666666666666,52.9,42.55555555555556,53.855526900939125,44.75421767833731,59.452335924785835,-0.7565217391304362,-6.9980237154150196,8.633333333333333,-10.344444444444441
atbLOLuV,0,human,,21,22,22,2.9047619047619047,5.2272727272727275,8.95,35.76190476190476,73.54545454545455,92.72727272727273,37.1071867790809,74.25430950011483,146.07444609394517,2.322510822510823,3.7227272727272718,37.78354978354979,19.181818181818187
bZ7Jg8Tj,1,bot,simpleEval,55,56,56,9.763636363636364,7.303571428571429,2.2962962962962963,27.89090909090909,31.357142857142858,22.78,39.16151762649039,38.5947019733041,33.07826476706419,-2.460064935064935,-5.007275132275133,3.466233766233767,-8.577142857142857
cdS7HYOj,1,bot,maia1,20,20,21,2.85,4.85,5.842105263157895,17.4,82.22222222222223,52.13333333333333,22.01908263302538,116.11228069586379,53.656769273679615,1.9999999999999996,0.992105263157895,64.82222222222222,-30.088888888888896
d4I3sUFi,1,bot,maia1,31,32,32,3.032258064516129,7.875,6.7,20.903225806451612,66.65625,79.9,20.140402082525206,68.02141637703158,83.90226457015329,4.842741935483871,-1.1749999999999998,45.753024193548384,13.243750000000006
dOj8Zr6n,1,bot,maia9,19,20,20,3.1052631578947367,7.45,7.833333333333333,15.157894736842104,31.0,64.0,35.98137406740317,60.987703678692476,139.69450796490017,4.344736842105263,0.38333333333333286,15.842105263157896,33.0
dnpJ86OI,0,human,,15,16,16,3.8666666666666667,5.75,5.785714285714286,13.0,33.9375,56.4375,15.046594299043223,30.392163360807338,70.83340379898456,1.8833333333333333,0.03571428571428559,20.9375,22.5
eS5CaW0M,0,human,,10,10,11,5.4,5.4,16.11111111111111,42.2,35.5,44.63636363636363,47.59369706169085,45.991847103590004,45.0480001115431,0.0,10.71111111111111,-6.700000000000003,9.136363636363633
fEcUdMpv,1,bot,OpeningsBot,22,22,23,9.636363636363637,21.818181818181817,4.476190476190476,23.0,36.18181818181818,65.6923076923077,33.67356664965995,58.98353881583971,67.49060859497942,12.18181818181818,-17.34199134199134,13.18181818181818,29.510489510489514
fHAAAJCR,1,bot,maia1,25,25,26,2.12,2.44,1.0416666666666667,37.64,55.72,,72.793340354733,58.109221299205174,,0.31999999999999984,-1.3983333333333332,18.08,
fKvwCbRJ,1,bot,Lynx_BOT,12,13,13,10.083333333333334,32.92307692307692,16.0,3.4166666666666665,2.1538461538461537,24.46153846153846,4.44331582892276,2.106625221173716,42.373096298722714,22.839743589743584,-16.92307692307692,-1.2628205128205128,22.307692307692307
fQmnpjfo,1,bot,Boris-Trapsky,28,29,29,12.357142857142858,12.137931034482758,2.814814814814815,24.857142857142858,54.172413793103445,48.51851851851852,32.787970666208714,97.19694509372665,122.36992197926998,-0.21921182266009964,-9.323116219667943,29.315270935960587,-5.653895274584926
fbB3EUqo,1,bot,maia9,23,23,24,2.869565217391304,7.391304347826087,5.7727272727272725,12.956521739130435,28.043478260869566,51.041666666666664,26.32485725774846,36.0211028255836,94.13619529112535,4.521739130434783,-1.6185770750988144,15.08695652173913,22.998188405797098
gE3vyQe9,0,human,,29,29,29,14.586206896551724,17.448275862068964,2.7777777777777777,45.55172413793103,49.44827586206897,42.89655172413793,42.73622884214327,69.56841644016964,60.61600154482154,2.86206896551724,-14.670498084291186,3.896551724137936,-6.551724137931039
gz3EOlpE,0,human,,29,29,30,8.620689655172415,10.89655172413793,7.607142857142857,35.10344827586207,53.41379310344828,42.333333333333336,44.439299807937324,78.96901061388894,53.00209639459766,2.275862068965516,-3.289408866995074,18.310344827586206,-11.080459770114942
h6SKB2ce,0,human,,14,15,15,16.714285714285715,23.533333333333335,16.23076923076923,33.57142857142857,38.0,116.14285714285714,52.198404854820566,32.643529220965064,108.9264870994963,6.81904761904762,-7.302564102564105,4.428571428571431,78.14285714285714
hVE1HxHW,0,human,,12,12,13,5.166666666666667,11.75,6.0,22.166666666666668,74.75,85.76923076923077,31.069366835446704,83.78258072734053,161.06527766293718,6.583333333333333,-5.75,52.58333333333333,11.019230769230774
hXFJaM5J,0,human,,33,33,34,5.484848484848484,10.666666666666666,9.5,62.18181818181818,54.60606060606061,71.16666666666667,54.470706358919834,94.14268326191846,105.67026807742826,5.181818181818182,-1.166666666666666,-7.575757575757571,16.560606060606062
iCDVQkDW,0,human,,24,24,24,2.7916666666666665,17.708333333333332,12.863636363636363,25.0,29.0,31.666666666666668,34.34991508965731,65.23674833507057,29.52917577959504,14.916666666666666,-4.844696969696969,4.0,2.666666666666668
kATnDxMn,0,human,,18,18,18,4.055555555555555,8.722222222222221,11.5625,20.833333333333332,69.16666666666667,44.5,30.357591033106257,62.27024436545382,36.812211138274336,4.666666666666666,2.8402777777777786,48.33333333333334,-24.66666666666667
lIORaCM5,0,human,,6,7,7,0.8333333333333334,2.4285714285714284,4.2,8.833333333333334,29.0,28.0,13.107461827354507,33.47493731990291,23.421601750764797,1.595238095238095,1.7714285714285718,20.166666666666664,-1.0
lQHTTKcy,1,bot,maia9,8,8,8,1.625,2.0,5.333333333333333,8.5,72.875,61.875,13.028814220795383,114.86126142002794,45.38567367573164,0.375,3.333333333333333,64.375,-11.0
lQZr2DEt,0,human,,15,15,15,2.2,8.0,8.153846153846153,5.666666666666667,23.4,55.333333333333336,10.017762003339646,36.736539485005025,75.18303591162629,5.8,0.1538461538461533,17.73333333333333,31.933333333333337
ludo21cy,1,bot,maia9,14,14,14,3.357142857142857,5.0,6.0,23.785714285714285,58.92857142857143,105.18181818181819,27.258494276171632,121.59092088152111,178.45030791986383,1.6428571428571428,1.0,35.142857142857146,46.253246753246756
nRKjBCaU,1,bot,Boris-Trapsky,27,28,28,5.777777777777778,6.25,4.230769230769231,25.22222222222222,35.892857142857146,66.66666666666667,47.29367143735715,42.704415366993786,91.79536420151558,0.4722222222222223,-2.019230769230769,10.670634920634924,30.773809523809526
nc9yszM8,0,human,,9,9,9,4.0,10.777777777777779,15.285714285714286,8.11111111111111,90.66666666666667,52.55555555555556,16.15511232771186,75.97514213360988,59.16100651069102,6.777777777777779,4.507936507936508,82.55555555555556,-38.111111111111114
nmcBqLsi,0,human,,28,29,29,5.571428571428571,10.344827586206897,13.777777777777779,29.928571428571427,35.758620689655174,55.0,41.923338685398285,57.7029582534635,156.46648203369307,4.773399014778326,3.4329501915708818,5.830049261083747,19.241379310344826
npKvG0uJ,0,human,,23,23,24,3.217391304347826,14.869565217391305,24.0,13.782608695652174,55.43478260869565,138.36363636363637,17.62892021586449,74.94741697956816,153.9390509421137,11.652173913043478,9.130434782608695,41.65217391304348,82.92885375494072
oiaIinzY,1,bot,maia1,13,13,13,3.923076923076923,6.615384615384615,7.181818181818182,28.923076923076923,84.0,69.76923076923077,31.15830927194848,142.88995227635309,54.3693265420775,2.692307692307692,0.5664335664335667,55.07692307692308,-14.230769230769226
onRtccuS,0,human,,25,25,26,7.04,18.24,12.166666666666666,41.04,48.48,66.65384615384616,63.370958648264114,80.24019940154686,102.70905222172009,11.2,-6.073333333333332,7.439999999999998,18.173846153846164
owCIERKL,0,human,,30,31,31,7.3,21.516129032258064,7.068965517241379,22.3,49.54838709677419,38.70967741935484,28.386792703650055,79.66455427023968,58.78840874799852,14.216129032258063,-14.447163515016685,27.24838709677419,-10.838709677419352
ozBisFxV,0,human,,38,38,38,7.447368421052632,11.973684210526315,9.805555555555555,28.842105263157894,50.10526315789474,45.28947368421053,35.540581930926784,64.47920491938476,65.5887939300356,4.526315789473683,-2.1681286549707597,21.263157894736846,-4.815789473684212
pMyZ0xDV,1,bot,OpeningsBot,39,39,39,8.487179487179487,14.64102564102564,3.4324324324324325,25.923076923076923,21.794871794871796,41.705882352941174,50.83274969755813,17.307445392350786,59.101373235645724,6.153846153846153,-11.208593208593207,-4.128205128205128,19.91101055806938
pSkyJ2ji,0,human,,35,35,35,5.171428571428572,6.485714285714286,2.757575757575758,29.6,74.85714285714286,31.4,34.188719944282376,116.89510385864092,47.3806470437637,1.314285714285714,-3.728138528138528,45.25714285714286,-43.45714285714286
pTIJrung,1,bot,OpeningsBot,33,33,33,10.181818181818182,17.333333333333332,2.806451612903226,26.151515151515152,30.727272727272727,44.05555555555556,39.129250635299336,28.43735563642102,58.7343096988674,7.1515151515151505,-14.526881720430106,4.575757575757574,13.32828282828283
q01FXTQp,1,bot,maia5,22,22,22,1.0,2.409090909090909,2.95,27.545454545454547,31.818181818181817,59.63636363636363,43.627271780105694,45.88289081369533,111.51866759937771,1.4090909090909092,0.540909090909091,4.27272727272727,27.818181818181817
qV2o1E2u,0,human,,19,19,20,4.157894736842105,6.947368421052632,13.166666666666666,17.05263157894737,17.105263157894736,60.85,22.378264088197458,30.209609375411635,95.43965370850839,2.7894736842105265,6.219298245614034,0.052631578947366364,43.74473684210527
qgvA0zos,1,bot,Lynx_BOT,42,43,43,8.761904761904763,6.209302325581396,3.5853658536585367,10.30952380952381,16.046511627906977,61.63636363636363,19.52591452066921,25.522405558757168,86.53596841314658,-2.552602436323367,-2.623936471922859,5.736987818383167,45.58985200845666
rhCE4nBF,0,human,,24,25,25,7.333333333333333,13.4,10.695652173913043,9.708333333333334,37.0,51.48,13.220814292453985,73.8084006058931,60.290045612853866,6.066666666666667,-2.7043478260869573,27.291666666666664,14.479999999999997
sMiLZwVF,1,bot,Boris-Trapsky,16,16,16,4.875,13.375,17.5,17.125,95.875,49.4375,19.65920585883367,101.65989560785512,61.74035223215041,8.5,4.125,78.75,-46.4375
ugkFRLNo,0,human,,13,13,13,1.9230769230769231,10.76923076923077,13.272727272727273,11.23076923076923,33.15384615384615,50.76923076923077,19.119679133748946,34.24088009707819,45.52455608900093,8.846153846153847,2.5034965034965033,21.923076923076923,17.615384615384613
vMCpnFc5,1,bot,maia1,11,11,12,1.6363636363636365,3.8181818181818183,8.0,16.545454545454547,15.545454545454545,71.16666666666667,21.274669685988872,29.61069719594174,116.3356016970825,2.1818181818181817,4.181818181818182,-1.0000000000000018,55.621212121212125
wIWireHB,1,bot,Boris-Trapsky,19,19,19,5.684210526315789,5.684210526315789,5.705882352941177,28.210526315789473,17.94736842105263,45.21052631578947,29.35728896734958,26.7177718977473,58.52357055280639,0.0,0.021671826625387247,-10.263157894736842,27.263157894736842
xMj1eZo5,0,human,,28,29,29,7.678571428571429,13.689655172413794,6.888888888888889,39.07142857142857,48.37931034482759,44.93103448275862,44.37818686458196,102.8451845529545,63.44583953343402,6.011083743842365,-6.800766283524904,9.307881773399018,-3.448275862068968
xmAJ0Jje,0,human,,18,19,19,2.3333333333333335,13.578947368421053,16.58823529411765,17.22222222222222,44.0,59.888888888888886,22.64105306629127,82.8911778684623,88.47465983036479,11.24561403508772,3.0092879256965954,26.77777777777778,15.888888888888886
xpxWZXc9,1,bot,simpleEval,52,52,52,10.096153846153847,8.076923076923077,2.32,16.673076923076923,21.01923076923077,23.822222222222223,30.730041148590786,22.786205665688467,40.864702991913255,-2.01923076923077,-5.756923076923076,4.346153846153847,2.802991452991453
y7qnWukP,1,bot,Lynx_BOT,14,15,15,12.357142857142858,17.466666666666665,8.076923076923077,8.714285714285714,18.866666666666667,19.666666666666668,12.417893606914703,28.375732981232787,28.871362204709975,5.109523809523807,-9.389743589743588,10.152380952380954,0.8000000000000007
yUMQtabt,0,human,,10,10,11,10.7,7.3,7.111111111111111,31.5,28.4,71.6,39.2587569849072,37.35558860465191,93.43361279539607,-3.3999999999999995,-0.1888888888888891,-3.1000000000000014,43.199999999999996
yYCBCAIS,0,human,,16,17,17,5.75,11.352941176470589,8.533333333333333,22.1875,35.294117647058826,34.0,28.395023221508378,49.03511911451215,59.21843909975815,5.602941176470589,-2.8196078431372555,13.106617647058826,-1.294117647058826
z73rg3cI,0,human,,26,27,27,8.307692307692308,16.59259259259259,5.88,52.88461538461539,52.55555555555556,44.0,72.43794528532517,60.485892651729486,41.8568990729127,8.284900284900283,-10.712592592592593,-0.32905982905982967,-8.555555555555557
zQoUl4z6,1,bot,simpleEval,43,44,44,9.744186046511627,11.931818181818182,3.3095238095238093,17.046511627906977,18.954545454545453,44.351351351351354,20.56408416630077,28.665749713056,51.36841821650479,2.187632135306554,-8.622294372294373,1.9080338266384764,25.3968058968059
zxqYUmlE,1,bot,maia1,45,46,46,2.111111111111111,3.239130434782609,3.4545454545454546,35.13333333333333,32.02173913043478,2.260869565217391,67.48649247565521,40.7241457755634,4.203698074877155,1.1280193236714977,0.21541501976284572,-3.1115942028985515,-29.76086956521739
