game_id,label,source_class,source_username,white_cpl_mean,black_cpl_mean,wb_cpl_mean_diff,white_best_move_ratio,black_best_move_ratio,wb_best_move_ratio_diff,white_time_complexity_corr,black_time_complexity_corr,wb_time_complexity_corr_diff,white_critical_time_lift,black_critical_time_lift,wb_critical_time_lift_diff
0S9GsP7n,0,human,,22.235294117647058,58.3125,-36.07720588235294,0.5294117647058824,0.1875,0.34191176470588236,0.046491089784755475,0.024911161502256893,0.021579928282498582,0.8986742424242424,1.2285714285714286,-0.3298971861471862
0ftDtCCq,1,bot,OpeningsBot,36.515151515151516,16.62121212121212,19.893939393939394,0.3939393939393939,0.6212121212121212,-0.2272727272727273,-0.3406041990715435,-0.07975810808776553,-0.260846090983778,0.5317131001778305,1.4857142857142858,-0.9540011855364553
1Cw9ORZG,1,bot,maia1,100.83333333333333,32.94444444444444,67.88888888888889,0.3333333333333333,0.4444444444444444,-0.1111111111111111,0.2927889491263501,0.5036355198095273,-0.21084657068317714,1.0291666666666668,1.47,-0.4408333333333332
1Ow2TTvu,0,human,,50.526315789473685,35.473684210526315,15.05263157894737,0.15789473684210525,0.3684210526315789,-0.21052631578947367,0.21086816288891744,0.016528587216425028,0.1943395756724924,0.6363636363636365,0.8241758241758242,-0.18781218781218778
2jwOoNBQ,0,human,,66.75,41.607142857142854,25.142857142857146,0.5,0.4642857142857143,0.0357142857142857,0.250807189429931,0.06821797297194979,0.18258921645798123,1.531135531135531,1.1771929824561402,0.3539425486793908
2kRb4DGs,1,bot,Lynx_BOT,18.966666666666665,11.466666666666667,7.499999999999998,0.4666666666666667,0.5,-0.033333333333333326,-0.00018028137926971973,0.3881051876841454,-0.38828546906341516,0.8967105263157894,1.8909090909090909,-0.9941985645933015
34R8eZyg,1,bot,simpleEval,39.53125,24.84375,14.6875,0.5,0.375,0.125,0.23345994078105378,0.06006044096463878,0.173399499816415,2.0939597315436242,0.5766233766233766,1.5173363549202477
36zpHbJs,1,bot,simpleEval,17.5,17.0,0.5,0.35714285714285715,0.2857142857142857,0.07142857142857145,-0.2277381701610681,0.24294049334365886,-0.470678663504727,0.8340163934426229,1.0625,-0.2284836065573771
3EW9qmT4,0,human,,41.464285714285715,47.236363636363635,-5.772077922077919,0.44642857142857145,0.45454545454545453,-0.008116883116883078,0.16234343339645468,-0.14152108082952403,0.3038645142259787,1.3609406952965235,0.5925925925925927,0.7683481027039308
3FJi92po,0,human,,38.56944444444444,30.942857142857143,7.6265873015873,0.4027777777777778,0.34285714285714286,0.05992063492063493,0.0022616521786313457,0.134961741580367,-0.13270008940173567,1.0017906884202148,1.8104956268221575,-0.8087049384019427
3KmunfcB,0,human,,40.36363636363637,54.285714285714285,-13.922077922077918,0.5454545454545454,0.6190476190476191,-0.07359307359307365,-0.3270626595423704,-0.4296837051411902,0.1026210455988198,0.611764705882353,0.6481481481481481,-0.03638344226579515
3NTlQsUb,0,human,,60.177215189873415,61.12658227848101,-0.9493670886075947,0.3670886075949367,0.4430379746835443,-0.07594936708860756,0.18689529045111045,-0.11413982578697361,0.30103511623808404,1.6650510204081634,0.8796542553191489,0.7853967650890146
3YP5ygrm,1,bot,simpleEval,23.27906976744186,25.19047619047619,-1.9114064230343288,0.46511627906976744,0.47619047619047616,-0.011074197120708729,0.05406397017330794,-0.10793738371375183,0.16200135388705977,1.2890625,0.62120232708468,0.66786017291532
3YzizUdI,1,bot,simpleEval,18.807692307692307,49.92,-31.112307692307695,0.4230769230769231,0.36,0.06307692307692309,0.1240434631458974,-0.3301438997831162,0.4541873629290136,0.7792207792207793,0.34831460674157305,0.4309061724792062
3nZBcFcx,0,human,,66.625,41.375,25.25,0.3125,0.34375,-0.03125,0.5199882503803807,-0.08168688487876717,0.6016751352591478,2.7631103074141046,0.5777777777777778,2.1853325296363266
3p4Y148b,1,bot,maia1,56.2,41.98,14.220000000000006,0.54,0.56,-0.020000000000000018,0.0736223034187502,0.2543858655554977,-0.1807635621367475,0.9665217391304347,1.0491803278688523,-0.08265858873841758
3ukev9AE,1,bot,maia5,84.93548387096774,82.41935483870968,2.516129032258064,0.3548387096774194,0.3870967741935484,-0.032258064516129004,0.047557406987373964,0.05397281042475799,-0.006415403437384025,1.2542242703533024,1.0,0.2542242703533024
4BldYeqX,1,bot,OpeningsBot,21.357142857142858,51.0,-29.642857142857142,0.35714285714285715,0.23076923076923078,0.12637362637362637,0.6565593317658306,0.31398760493360284,0.34257172683222775,14.35897435897436,1.9714285714285715,12.387545787545788
4U9hQkO5,0,human,,57.0,34.70967741935484,22.29032258064516,0.3870967741935484,0.41935483870967744,-0.03225806451612906,-0.018299622503615488,0.1705616692964305,-0.188861291800046,0.42039704165044767,2.114819759679573,-1.6944227180291251
4UfNLuFZ,1,bot,maia1,61.0,79.74193548387096,-18.74193548387096,0.3870967741935484,0.3548387096774194,0.032258064516129004,-0.1330265372993207,0.08561645977972755,-0.21864299707904827,0.6857142857142856,1.1197691197691197,-0.43405483405483414
4XdOH7vq,0,human,,46.0,38.97959183673469,7.020408163265309,0.40816326530612246,0.40816326530612246,0.0,-0.12146869152197044,-0.010902472904764928,-0.11056621861720552,0.7675531914893617,0.999375,-0.23182180851063827
4f8UxP39,0,human,,36.3,47.3469387755102,-11.046938775510206,0.5,0.3673469387755102,0.13265306122448978,-0.04989931850907555,0.09692327660579177,-0.1468225951148673,1.077889447236181,1.0602836879432624,0.017605759292918632
4mvvdAHi,1,bot,Boris-Trapsky,14.473684210526315,29.027027027027028,-14.553342816500713,0.47368421052631576,0.4864864864864865,-0.01280227596017075,-0.030888247924182665,-0.10212725981738138,0.07123901189319871,1.009020618556701,1.2927927927927927,-0.2837721742360917
5YkH7xvt,0,human,,45.125,25.125,20.0,0.5416666666666666,0.4583333333333333,0.08333333333333331,0.33040572340117563,0.0553478467624312,0.2750578766387444,1.8820754716981132,1.7937062937062938,0.08836917799181943
5glLVBCA,1,bot,OpeningsBot,38.57142857142857,9.785714285714286,28.785714285714285,0.42857142857142855,0.2857142857142857,0.14285714285714285,0.31897241316883523,0.20514140762492541,0.11383100554390982,0.5333333333333333,0.4074074074074074,0.12592592592592594
5hjxOnS8,1,bot,OpeningsBot,14.733333333333333,22.135593220338983,-7.40225988700565,0.5666666666666667,0.423728813559322,0.14293785310734464,-0.13022524922044917,0.18350603493587822,-0.3137312841563274,0.5513513513513514,1.0823615160349855,-0.5310101646836342
5nMnSytK,1,bot,maia5,57.578947368421055,71.82051282051282,-14.241565452091763,0.3157894736842105,0.2564102564102564,0.05937921727395412,-0.06622158184125174,0.3773484077947937,-0.44356998963604544,0.9747706422018348,1.599264705882353,-0.6244940636805182
62dD14f2,1,bot,Boris-Trapsky,7.0,81.6,-74.6,0.8181818181818182,0.5,0.31818181818181823,0.5405273972454511,0.2564230804315938,0.2841043168138573,1.4222222222222223,1.0,0.4222222222222223
6H0lPmeP,1,bot,simpleEval,23.74468085106383,45.45652173913044,-21.711840888066607,0.40425531914893614,0.4782608695652174,-0.07400555041628126,-0.0651616886080619,0.041415268504267216,-0.10657695711232912,0.9742511823436679,0.8619718309859153,0.11227935135775258
6kf8qYi9,1,bot,maia1,90.5,52.25,38.25,0.0625,0.3125,-0.25,0.09801300833139745,0.13967343178481267,-0.041660423453415224,1.9156626506024095,0.6,1.3156626506024094
7Czq5JCM,0,human,,47.27272727272727,17.272727272727273,30.0,0.4090909090909091,0.5909090909090909,-0.18181818181818182,0.12035487870619242,0.16314937074696415,-0.04279449204077172,1.2673267326732673,0.6357615894039735,0.6315651432692938
7K2bVYJG,1,bot,OpeningsBot,19.36842105263158,11.810526315789474,7.557894736842105,0.4,0.5157894736842106,-0.11578947368421055,-0.05611457942865989,0.02783775609114442,-0.08395233551980431,0.8892921960072596,1.4706310679611652,-0.5813388719539055
7VmqNIj4,1,bot,maia5,39.88235294117647,77.94117647058823,-38.05882352941176,0.5294117647058824,0.4117647058823529,0.11764705882352944,0.031066479251412503,-0.06984924982183029,0.10091572907324278,1.1549999999999998,0.875,0.2799999999999998
7nDgDPHo,1,bot,maia5,27.083333333333332,41.05714285714286,-13.973809523809525,0.4444444444444444,0.37142857142857144,0.07301587301587298,-0.037223610585044406,0.1485211801243993,-0.18574479070944372,0.9333333333333333,1.021759697256386,-0.0884263639230527
7yl3qckK,1,bot,OpeningsBot,35.48529411764706,25.059701492537314,10.425592625109743,0.27941176470588236,0.4925373134328358,-0.21312554872695344,-0.08372146381218754,0.17742349498803933,-0.26114495880022687,0.3078137332280979,1.3403474903474906,-1.0325337571193927
8GRab9xx,1,bot,simpleEval,28.79032258064516,37.0,-8.20967741935484,0.4032258064516129,0.4838709677419355,-0.08064516129032262,0.023381659444730554,-0.15570329616517134,0.1790849556099019,1.4706536238328145,0.6032482598607889,0.8674053639720256
8MpYxIFU,0,human,,57.55555555555556,46.888888888888886,10.666666666666671,0.3333333333333333,0.3333333333333333,0.0,-0.17778327411561365,0.06818952881435726,-0.24597280292997092,0.9576492981203902,1.4494949494949494,-0.49184565137455916
8O8jF5VM,0,human,,42.666666666666664,70.27272727272727,-27.606060606060602,0.5,0.45454545454545453,0.04545454545454547,0.16005571988079068,0.6134396675646033,-0.4533839476838126,0.8780487804878049,2.0425531914893615,-1.1645044110015568
9Bcf79Q3,1,bot,maia9,42.65217391304348,71.04545454545455,-28.39328063241107,0.391304347826087,0.3181818181818182,0.0731225296442688,0.33116319504924596,0.3341098829742522,-0.0029466879250062417,1.051685393258427,3.909774436090226,-2.858089042831799
9JHEpppr,1,bot,OpeningsBot,12.112903225806452,25.306451612903224,-13.193548387096772,0.5806451612903226,0.3709677419354839,0.20967741935483875,0.09313569189652629,-0.23857869376823318,0.33171438566475947,0.8815839333080712,0.0,0.8815839333080712
9TikEE2t,0,human,,54.75,44.0,10.75,0.4318181818181818,0.38636363636363635,0.04545454545454547,0.00022143320541754497,0.15481976150393134,-0.1545983282985138,0.969845150774246,0.8611898016997167,0.10865534907452934
9f5NdOK1,0,human,,33.1125,36.925,-3.8125,0.4125,0.3625,0.04999999999999999,0.026597042487327135,-0.0580026327767307,0.08459967526405783,0.8944877505567929,0.9125799573560768,-0.018092206799283916
AJCuUo1T,0,human,,68.65217391304348,72.15217391304348,-3.5,0.43478260869565216,0.41304347826086957,0.021739130434782594,0.3064735054486748,0.2260645649613949,0.0804089404872799,2.104054054054054,1.450485436893204,0.6535686171608501
AUUdRQM9,1,bot,OpeningsBot,29.933333333333334,28.20689655172414,1.7264367816091948,0.5,0.3448275862068966,0.15517241379310343,0.17669463803263658,-0.016504200918866747,0.19319883895150333,1.3015873015873016,0.9295774647887325,0.37200983679856914
AWv6M5Az,1,bot,Boris-Trapsky,44.75,26.041666666666668,18.708333333333332,0.3958333333333333,0.5833333333333334,-0.18750000000000006,0.04794605221309726,0.04750680176861574,0.00043925044448151623,0.7473333333333334,1.119327731092437,-0.3719943977591036
BKb6miha,0,human,,38.87755102040816,51.3125,-12.434948979591837,0.30612244897959184,0.3125,-0.0063775510204081565,0.1348432434779379,-0.005915814350605482,0.1407590578285434,1.4249999999999998,0.7253303964757709,0.6996696035242289
BLBRHhon,0,human,,27.823529411764707,55.1875,-27.363970588235293,0.29411764705882354,0.25,0.04411764705882354,0.24922313244718197,0.3482443982026583,-0.09902126575547632,1.0749354005167957,0.9491525423728814,0.12578285814391432
BMOVEMrk,0,human,,40.55,33.68333333333333,6.866666666666667,0.35,0.43333333333333335,-0.08333333333333337,-0.09815838018143223,0.12260284416378532,-0.22076122434521755,0.746031746031746,1.8431372549019607,-1.0971055088702146
BS3ekge9,0,human,,38.49122807017544,47.410714285714285,-8.919486215538846,0.3157894736842105,0.35714285714285715,-0.04135338345864664,-0.09130958209693024,0.08730123466608265,-0.17861081676301288,1.2729970326409494,1.9048245614035086,-0.6318275287625592
BaFLjvsB,1,bot,maia5,63.44444444444444,16.444444444444443,47.0,0.2222222222222222,0.6111111111111112,-0.38888888888888895,0.15712364033611434,0.3285773102632465,-0.17145366992713215,1.2899999999999998,1.2446808510638299,0.04531914893616995
BcttHfAZ,0,human,,49.023809523809526,48.1219512195122,0.9018583042973276,0.35714285714285715,0.2682926829268293,0.08885017421602787,-0.09824316699732707,0.040785908468703495,-0.13902907546603058,0.8308702791461412,0.8735632183908045,-0.04269293924466333
BwsgUCqr,1,bot,Lynx_BOT,6.1893939393939394,5.962121212121212,0.22727272727272751,0.4090909090909091,0.30303030303030304,0.10606060606060608,0.19382048908426305,0.3166183277064751,-0.12279783862221202,4.639504373177843,3.6962703962703967,0.9432339769074463
C73eoHiB,0,human,,107.58333333333333,59.583333333333336,47.99999999999999,0.3333333333333333,0.4166666666666667,-0.08333333333333337,0.3597484247062109,0.16866244268346411,0.19108598202274676,1.8666666666666667,0.8115942028985508,1.055072463768116
CDWwP856,0,human,,71.76315789473684,53.5945945945946,18.16856330014224,0.2631578947368421,0.43243243243243246,-0.16927453769559037,0.0061572353969410725,0.27169988518498156,-0.2655426497880405,0.7916666666666666,3.137019230769231,-2.3453525641025643
CFDCFJ17,1,bot,Boris-Trapsky,51.705882352941174,41.11764705882353,10.588235294117645,0.4117647058823529,0.5294117647058824,-0.11764705882352944,0.18990913347582764,0.031444391449794114,0.15846474202603353,1.1026785714285714,0.6802325581395349,0.4224460132890365
DSZIvFmR,1,bot,Boris-Trapsky,55.75,14.85,40.9,0.4,0.7,-0.29999999999999993,0.060888351213062845,-0.07585773214024989,0.13674608335331273,1.087837837837838,1.1047619047619048,-0.016924066924066894
DUBTtYhw,0,human,,50.525,42.4,8.125,0.325,0.475,-0.14999999999999997,-0.09574401356054789,-0.03183157289189381,-0.06391244066865408,0.9360328638497653,0.8944099378881988,0.04162292596156647
DV3Eg0pP,0,human,,29.857142857142858,4.9523809523809526,24.904761904761905,0.42857142857142855,0.5714285714285714,-0.14285714285714285,0.24392649831359967,-0.0760874707522061,0.32001396906580576,1.0305084745762711,1.309090909090909,-0.27858243451463793
DX95KdQG,1,bot,Lynx_BOT,26.444444444444443,7.37037037037037,19.074074074074073,0.6666666666666666,0.7407407407407407,-0.07407407407407407,-0.10789957062057381,-0.1018169270350677,-0.0060826435855061145,0.5204081632653061,0.9826923076923076,-0.4622841444270015
DkOw2MhD,1,bot,maia1,31.11627906976744,35.305882352941175,-4.189603283173735,0.38372093023255816,0.4,-0.016279069767441867,0.16148326447089226,-0.18192617915832135,0.3434094436292136,2.2060016220600165,0.7807486631016043,1.4252529589584122
ECqum7TI,0,human,,47.806451612903224,55.83870967741935,-8.032258064516128,0.5161290322580645,0.2903225806451613,0.2258064516129032,-0.06342817998787521,-0.1579301087781562,0.09450192879028098,1.1832797427652733,0.39919893190921235,0.7840808108560609
EsMjqIO2,0,human,,36.69444444444444,55.17142857142857,-18.476984126984128,0.5277777777777778,0.34285714285714286,0.18492063492063493,0.42851942030707746,0.061718289410356064,0.3668011308967214,3.0793650793650795,0.5733590733590734,2.506006006006006
EvFryXbt,1,bot,Boris-Trapsky,18.166666666666668,35.35294117647059,-17.18627450980392,0.2777777777777778,0.35294117647058826,-0.07516339869281047,0.006445157982131687,0.27851640473909717,-0.2720712467569655,1.101123595505618,1.4444444444444444,-0.3433208489388264
FIHrMK1X,1,bot,OpeningsBot,20.69811320754717,41.27777777777778,-20.57966457023061,0.49056603773584906,0.46296296296296297,0.027603074772886094,-0.14046002831600565,-0.11604780569341235,-0.024412222622593308,0.7579517256936612,0.24856156501726126,0.5093901606764
G3yVv9l1,0,human,,33.85,23.9,9.950000000000003,0.38333333333333336,0.45,-0.06666666666666665,0.3125047872785509,-0.11150277407988529,0.4240075613584362,2.1450459652706844,0.7352647352647352,1.4097812300059491
GfKHhR2Y,1,bot,maia9,33.38297872340426,15.170212765957446,18.212765957446813,0.3404255319148936,0.5319148936170213,-0.19148936170212766,0.021767829541378857,0.2834631606352678,-0.2616953310938889,0.6727272727272727,1.111917098445596,-0.4391898257183232
HoMLXXXY,1,bot,maia5,51.27272727272727,77.57142857142857,-26.298701298701296,0.4090909090909091,0.23809523809523808,0.17099567099567103,0.16262731152879886,0.026763544647235665,0.1358637668815632,1.3980263157894737,0.7777777777777778,0.6202485380116959
HtaZAPmu,0,human,,63.34848484848485,60.63636363636363,2.712121212121218,0.42424242424242425,0.4090909090909091,0.015151515151515138,0.15191139887847352,0.1293392727249522,0.022572126153521332,1.0539609644087256,1.2054545454545453,-0.15149358104581978
I7VlhodR,0,human,,55.80769230769231,37.0,18.807692307692307,0.46153846153846156,0.34615384615384615,0.11538461538461542,0.41241658467490666,-0.13827048654442642,0.550687071219333,3.9233038348082596,0.8645833333333334,3.058720501474926
IIuIattl,1,bot,Humaia,81.56,66.12,15.439999999999998,0.24,0.36,-0.12,-0.010704364367975502,0.136838064403545,-0.14754242877152052,1.0173410404624277,1.3333333333333335,-0.3159922928709058
IOzPsrAh,0,human,,53.32,75.41666666666667,-22.09666666666667,0.4,0.3333333333333333,0.06666666666666671,0.3158144471889178,0.020975359343209213,0.2948390878457086,2.046153846153846,0.9166666666666666,1.1294871794871795
IQDNH687,1,bot,simpleEval,64.36363636363636,14.636363636363637,49.72727272727272,0.2727272727272727,0.36363636363636365,-0.09090909090909094,-0.12019017715408988,0.4667351450619502,-0.5869253222160401,0.918032786885246,2.3492063492063493,-1.4311735623211033
IUGnnNXf,0,human,,40.64705882352941,76.9375,-36.29044117647059,0.29411764705882354,0.3125,-0.01838235294117646,0.13495293322459664,-0.38385617873896416,0.5188091119635608,0.7041666666666667,0.6666666666666666,0.03750000000000009
J639pqWz,1,bot,Lynx_BOT,16.056818181818183,19.329545454545453,-3.27272727272727,0.6022727272727273,0.5681818181818182,0.03409090909090906,-0.05412661910994818,-0.09685501612779504,0.04272839701784686,0.6581196581196581,1.3458177278401997,-0.6876980697205416
J7crNnK6,1,bot,maia5,86.82352941176471,97.96969696969697,-11.146167557932259,0.29411764705882354,0.3333333333333333,-0.039215686274509776,0.0793978171684818,-0.0705346448194628,0.14993246198794458,0.5178571428571429,0.0,0.5178571428571429
JGWMDYml,0,human,,47.57377049180328,46.57377049180328,1.0,0.39344262295081966,0.4918032786885246,-0.09836065573770492,0.1500153492458057,0.034733044375277716,0.11528230487052799,0.9713333333333333,0.6650740563784042,0.30625927695492905
JO97APqj,1,bot,maia9,60.175,52.56410256410256,7.610897435897435,0.3,0.358974358974359,-0.05897435897435899,0.04183534622491914,0.01150944702593785,0.030325899198981293,0.957004160887656,0.8571428571428571,0.09986130374479896
JgupMGd4,1,bot,maia9,46.111111111111114,53.44444444444444,-7.333333333333329,0.46296296296296297,0.3148148148148148,0.14814814814814814,0.06080523196546888,0.2040173802422744,-0.1432121482768055,1.2362082362082363,1.132838589981447,0.10336964622678924
KQLqW6al,1,bot,maia5,36.204081632653065,46.3469387755102,-10.142857142857139,0.46938775510204084,0.3673469387755102,0.10204081632653061,0.041096795713696455,-0.08311050502873422,0.12420730074243068,0.9379746835443038,0.9326086956521739,0.005365987892129942
KV1X3ZTR,0,human,,32.2037037037037,40.22641509433962,-8.02271139063592,0.46296296296296297,0.41509433962264153,0.04786862334032144,0.14378788815369264,0.03171244013418842,0.11207544801950423,0.6371406371406372,1.2258585858585858,-0.5887179487179486
KgebqTE4,1,bot,Boris-Trapsky,17.833333333333332,59.608695652173914,-41.77536231884058,0.4166666666666667,0.391304347826087,0.025362318840579712,0.22746096788809922,0.4238894963185009,-0.1964285284304017,1.0857142857142856,3.454838709677419,-2.3691244239631333
Ko5WWqmS,1,bot,simpleEval,44.531531531531535,38.351351351351354,6.18018018018018,0.24324324324324326,0.35135135135135137,-0.10810810810810811,-0.016134509644656587,0.0788258232231549,-0.09496033286781148,0.760414771693651,0.7242105263157895,0.03620424537786149
Ko6Nw2Zi,1,bot,Boris-Trapsky,68.9090909090909,23.90909090909091,45.0,0.45454545454545453,0.2727272727272727,0.18181818181818182,-0.08638323145582535,0.18715819448483828,-0.27354142594066366,0.5384615384615384,0.98989898989899,-0.4514374514374515
Kp2Gd4vC,0,human,,43.5,48.30769230769231,-4.807692307692307,0.35,0.3333333333333333,0.016666666666666663,0.32700600646000816,0.1177586742276677,0.20924733223234046,1.5677655677655677,1.1070478723404256,0.4607176954251422
L3tddKmt,1,bot,OpeningsBot,11.454545454545455,36.95238095238095,-25.497835497835496,0.5454545454545454,0.23809523809523808,0.30735930735930733,-0.24345720310975302,-0.1994808347136642,-0.043976368396088816,0.1440677966101695,0.7281553398058253,-0.5840875431956558
LJaBQQ14,0,human,,34.77777777777778,69.88235294117646,-35.104575163398685,0.4444444444444444,0.23529411764705882,0.2091503267973856,0.269767692759689,0.2282765229659566,0.04149116979373238,5.583333333333333,0.787878787878788,4.795454545454545
LKYOlJC6,1,bot,maia1,64.79069767441861,56.97674418604651,7.8139534883721,0.46511627906976744,0.23255813953488372,0.23255813953488372,0.06105400262310892,-0.13574144267247154,0.19679544529558046,1.4970414201183433,0.9225806451612903,0.5744607749570529
LXBAP6ZE,1,bot,simpleEval,56.82608695652174,28.391304347826086,28.434782608695656,0.2608695652173913,0.391304347826087,-0.13043478260869568,0.3055163903396877,0.09297259932586727,0.21254379101382043,2.588059701492537,0.73125,1.8568097014925369
Lz5oMhGB,0,human,,57.029411764705884,31.970588235294116,25.058823529411768,0.38235294117647056,0.35294117647058826,0.029411764705882304,0.25030929501298205,-0.0064827633069407965,0.25679205831992286,2.48703805846663,0.6150579150579151,1.8719801434087149
M540gZiK,0,human,,39.54385964912281,33.14035087719298,6.403508771929829,0.42105263157894735,0.5087719298245614,-0.08771929824561409,-0.15645937135541657,0.005189456967361157,-0.16164882832277772,0.9166666666666665,0.6442721791559002,0.27239448751076634
MXEUbkdu,0,human,,58.892857142857146,70.96296296296296,-12.070105820105816,0.32142857142857145,0.2222222222222222,0.09920634920634924,0.3158009418639542,0.19141142485327975,0.12438951701067444,2.5473684210526315,2.2399999999999998,0.30736842105263174
MoZsQ6mh,0,human,,55.22,46.86,8.36,0.48,0.44,0.03999999999999998,0.043642422533621404,-0.07592201898939785,0.11956444152301926,0.7494661921708186,0.6877300613496933,0.06173613082112528
Mok5g0XC,1,bot,maia5,22.0,59.285714285714285,-37.285714285714285,0.4,0.14285714285714285,0.2571428571428572,0.6058808908387873,0.37467363584404034,0.23120725499474692,2.8,2.0274914089347083,0.7725085910652916
MqqeJMCl,0,human,,118.83870967741936,97.29032258064517,21.548387096774192,0.3548387096774194,0.2903225806451613,0.06451612903225806,0.15305696382377745,0.09030903706124958,0.06274792676252787,0.983957219251337,1.0819672131147542,-0.09800999386341724
MsZ8oU41,1,bot,Boris-Trapsky,56.07142857142857,67.62962962962963,-11.558201058201064,0.39285714285714285,0.2962962962962963,0.09656084656084657,-0.011420534228253273,0.29233617110711296,-0.30375670533536625,0.9041095890410958,1.7597222222222224,-0.8556126331811266
N12WkDUs,1,bot,simpleEval,64.61764705882354,35.55882352941177,29.058823529411768,0.3235294117647059,0.35294117647058826,-0.02941176470588236,0.03762434463331375,0.15216555733529274,-0.11454121270197899,0.4396743153219837,1.1020408163265307,-0.662366501004547
N4MtsNN1,1,bot,Boris-Trapsky,38.758620689655174,58.5,-19.741379310344826,0.5172413793103449,0.42857142857142855,0.08866995073891631,-0.10271916512568816,0.05622431326218393,-0.1589434783878721,0.7920529801324504,0.5777777777777777,0.21427520235467268
N8R8aAnp,0,human,,61.333333333333336,30.952380952380953,30.380952380952383,0.14285714285714285,0.47619047619047616,-0.3333333333333333,0.28250181371690314,0.23960506278214738,0.042896750934755756,1.6721311475409837,0.7428571428571429,0.9292740046838408
NGU35vup,1,bot,maia1,67.23333333333333,49.43333333333333,17.800000000000004,0.3,0.3333333333333333,-0.033333333333333326,-0.04291876399152698,0.256002357314304,-0.298921121305831,1.5726495726495726,1.8596491228070178,-0.28699955015744516
NI1X6yla,0,human,,31.675675675675677,42.0,-10.324324324324323,0.3783783783783784,0.3333333333333333,0.045045045045045085,0.3015636391328466,0.14947610681531853,0.15208753231752808,1.3327205882352942,1.2675675675675677,0.06515302066772644
NZtWqSf0,0,human,,41.8,77.5,-35.7,0.44,0.08333333333333333,0.3566666666666667,-0.1599939456164148,0.029964051160423062,-0.18995799677683786,1.081081081081081,0.5308823529411765,0.5501987281399044
Nut3mEt5,0,human,,26.333333333333332,4.833333333333333,21.5,0.5555555555555556,0.8333333333333334,-0.2777777777777778,0.5542005571748685,-0.0029584210163658363,0.5571589781912343,2.2588652482269502,0.8198198198198198,1.4390454284071303
NyztgkmG,0,human,,36.03225806451613,23.70967741935484,12.322580645161288,0.3225806451612903,0.3548387096774194,-0.03225806451612906,0.2108629274867518,-0.05251220061154701,0.2633751280982988,1.281661600810537,0.8169014084507041,0.4647601923598329
O8YHWV0P,1,bot,simpleEval,14.96078431372549,23.78,-8.81921568627451,0.49019607843137253,0.5,-0.009803921568627472,0.1980688646351877,0.14751027575018816,0.050558588884999534,0.8787878787878788,1.9821325648414987,-1.10334468605362
OI7Lnmv3,1,bot,maia5,22.733333333333334,35.758620689655174,-13.02528735632184,0.43333333333333335,0.41379310344827586,0.019540229885057492,-0.056252199953133054,0.41386780927145017,-0.47012000922458325,1.4933333333333334,1.4183333333333334,0.07499999999999996
OKSzlM6Y,0,human,,31.136363636363637,12.954545454545455,18.18181818181818,0.45454545454545453,0.6136363636363636,-0.15909090909090912,-0.1528947967218737,-0.07556903875164342,-0.07732575797023028,0.8095238095238094,0.9548229548229548,-0.14529914529914534
OlE1rJJn,1,bot,maia9,23.705882352941178,68.0,-44.294117647058826,0.5882352941176471,0.125,0.4632352941176471,-0.24449689671744085,0.12548714212471604,-0.3699840388421569,0.7398373983739838,1.4193548387096775,-0.6795174403356937
Otr839jU,1,bot,maia9,38.625,62.89795918367347,-24.27295918367347,0.5,0.3469387755102041,0.15306122448979592,0.08956652778560965,-0.2123879584780158,0.3019544862636255,1.4715909090909092,0.8372881355932204,0.6343027734976888
P3vLtBni,0,human,,19.166666666666668,43.5,-24.333333333333332,0.6388888888888888,0.3888888888888889,0.24999999999999994,0.0506634176483613,0.38787368896417035,-0.33721027131580905,1.1666666666666667,1.7560975609756095,-0.5894308943089428
P5Ned5qa,1,bot,simpleEval,43.46153846153846,54.88,-11.418461538461543,0.46153846153846156,0.16,0.30153846153846153,0.20466293254856358,-0.032441687021014416,0.23710461956957798,1.4132231404958677,1.0526315789473684,0.36059156154849936
PQDRNfmH,0,human,,44.27272727272727,62.15625,-17.883522727272727,0.36363636363636365,0.4375,-0.07386363636363635,0.2656596976951052,0.1125598944130095,0.15309980328209571,2.187702265372168,0.9272639691714837,1.2604382962006844
PfvVwB3u,0,human,,61.291666666666664,47.625,13.666666666666664,0.3333333333333333,0.5,-0.16666666666666669,-0.2735731749468143,0.16352332826904298,-0.4370965032158573,0.4920863309352518,0.9405405405405405,-0.4484542096052887
PvIKmq6z,1,bot,simpleEval,29.79310344827586,7.464285714285714,22.328817733990146,0.3793103448275862,0.75,-0.3706896551724138,0.1369402451318456,0.23069026430152678,-0.09375001916968118,0.9484536082474226,0.9935483870967742,-0.045094778849351536
Q0Jnrx3k,1,bot,maia5,30.72972972972973,49.21621621621622,-18.486486486486488,0.5135135135135135,0.32432432432432434,0.18918918918918914,0.2709863253325344,0.02269969513837586,0.24828663019415856,1.7355371900826446,0.0,1.7355371900826446
Q0m6UkMt,1,bot,OpeningsBot,13.76923076923077,8.0,5.76923076923077,0.7692307692307693,0.5384615384615384,0.23076923076923084,-0.6108883935187082,0.2778709309402083,-0.8887593244589165,0.2222222222222222,1.1842105263157894,-0.9619883040935672
QAVWOY3f,1,bot,Boris-Trapsky,43.5,31.525,11.975000000000001,0.35,0.425,-0.07500000000000001,-0.03459091542366364,0.23491402945924067,-0.26950494488290433,1.0090262582056893,1.4417582417582417,-0.4327319835525525
QLOtUg8l,0,human,,36.8235294117647,67.3125,-30.488970588235297,0.35294117647058826,0.3125,0.04044117647058826,0.34508951432601026,0.2361301234262058,0.10895939089980447,1.650793650793651,1.4794520547945207,0.17134159599913024
QSkSob8s,1,bot,simpleEval,18.024390243902438,29.2,-11.175609756097561,0.5609756097560976,0.55,0.01097560975609757,0.22653806174889063,-0.2461563479853068,0.4726944097341974,1.0739332488381916,1.0121268656716418,0.06180638316654985
RBKzHyc1,1,bot,simpleEval,24.532258064516128,25.06451612903226,-0.5322580645161317,0.3709677419354839,0.4032258064516129,-0.032258064516129004,0.06123083556139197,-0.04772782314179245,0.10895865870318441,1.2589285714285716,0.7027131782945737,0.5562153931339979
RGMNjVnD,1,bot,Humaia,45.189189189189186,64.62162162162163,-19.432432432432442,0.5135135135135135,0.2972972972972973,0.21621621621621617,-0.05694603643597339,0.29807896501960485,-0.35502500145557825,1.4262295081967213,1.3638613861386137,0.0623681220581076
RQ2QLiBh,0,human,,81.57692307692308,38.65384615384615,42.92307692307693,0.15384615384615385,0.38461538461538464,-0.23076923076923078,-0.42565280686316054,0.09303113917381624,-0.5186839460369768,0.7426597582037997,1.452991452991453,-0.7103316947876532
RXQi6XPy,1,bot,maia5,86.04545454545455,66.68181818181819,19.36363636363636,0.36363636363636365,0.3181818181818182,0.04545454545454547,-0.0891867621711733,-0.003402314688090435,-0.08578444748308287,0.8037383177570093,0.9714285714285713,-0.16769025367156198
RpHFibFR,1,bot,maia1,27.352941176470587,76.5625,-49.20955882352941,0.4117647058823529,0.5625,-0.15073529411764708,0.21416926178291334,0.05536184953370649,0.15880741224920686,1.43,1.168141592920354,0.2618584070796459
Rv0czYMp,1,bot,Boris-Trapsky,30.5,61.81481481481482,-31.314814814814817,0.5,0.2222222222222222,0.2777777777777778,-0.08634786505642973,-0.15230450072754545,0.06595663567111572,0.9506172839506172,0.8259587020648967,0.12465858188572043
SkSJo2k9,0,human,,40.2,24.866666666666667,15.333333333333336,0.36666666666666664,0.43333333333333335,-0.06666666666666671,-0.074926792437318,-0.2729981685914818,0.19807137615416381,1.4539419087136929,0.6274509803921569,0.826490928321536
St6XxcKX,0,human,,19.387096774193548,35.93333333333333,-16.546236559139782,0.5161290322580645,0.5,0.016129032258064502,0.4038587303875046,0.15546872683740892,0.24839000355009566,1.7567567567567568,1.5188679245283019,0.23788883222845492
T9DB3bw2,0,human,,51.23076923076923,33.76923076923077,17.461538461538467,0.3076923076923077,0.38461538461538464,-0.07692307692307693,0.02382582280532082,-0.09519823206123829,0.1190240548665591,0.48824593128390603,0.9377990430622011,-0.44955311177829504
TAnAml8M,1,bot,simpleEval,21.576923076923077,33.01960784313726,-11.442684766214182,0.4230769230769231,0.3333333333333333,0.08974358974358976,-0.22492062607406207,-0.23224730756161227,0.007326681487550196,0.772027972027972,0.5098039215686274,0.2622240504593446
TFMfAx5N,0,human,,44.27272727272727,55.03125,-10.758522727272727,0.45454545454545453,0.28125,0.17329545454545453,0.10370894986279346,0.13602698474054029,-0.03231803487774683,1.2037037037037037,1.2260397830018084,-0.02233607929810466
TsK8K4mq,1,bot,maia5,54.53333333333333,51.6,2.93333333333333,0.5333333333333333,0.4,0.1333333333333333,0.2894949735722915,0.394384934434244,-0.10488996086195251,0.8780487804878049,1.5042735042735043,-0.6262247237856994
TvUwvXRS,0,human,,49.0,39.361111111111114,9.638888888888886,0.3333333333333333,0.25,0.08333333333333331,-0.032803807243172785,-0.023931628668995716,-0.008872178574177068,0.6979865771812082,0.6590909090909092,0.038895668090298985
TxKMklsK,1,bot,Boris-Trapsky,34.375,31.15,3.2250000000000014,0.6,0.525,0.07499999999999996,0.2916603716996073,-0.03170118972760636,0.3233615614272137,2.2284798534798536,0.7931286549707601,1.4353511985090934
U8slih43,0,human,,39.458333333333336,56.638297872340424,-17.179964539007088,0.2916666666666667,0.425531914893617,-0.13386524822695034,0.009597344403807183,0.0405440807181635,-0.030946736314356314,1.11474358974359,1.0192982456140351,0.09544534412955485
UAn96Yyb,1,bot,simpleEval,38.06060606060606,24.060606060606062,14.0,0.45454545454545453,0.3939393939393939,0.06060606060606061,0.2756447113004459,-0.11303113458866497,0.38867584588911086,1.3818027210884356,0.9191919191919192,0.4626108018965164
UORZikJT,0,human,,82.51515151515152,66.4375,16.077651515151516,0.36363636363636365,0.34375,0.019886363636363646,-0.15000497518009856,0.1488819013194181,-0.2988868764995166,0.8597883597883598,1.8377253814147017,-0.9779370216263419
UluSJPhh,0,human,,57.476190476190474,23.142857142857142,34.33333333333333,0.19047619047619047,0.47619047619047616,-0.2857142857142857,0.22902544719255447,0.0853578537529372,0.14366759343961727,1.3140495867768596,1.4488188976377954,-0.1347693108609358
UnED8jKk,0,human,,12.44,34.833333333333336,-22.393333333333338,0.64,0.4583333333333333,0.1816666666666667,0.10820644355114657,0.02677149351063571,0.08143495004051086,1.8773946360153255,0.5115384615384615,1.365856174476864
V1iCZ0dv,0,human,,31.0,53.78947368421053,-22.789473684210527,0.6,0.15789473684210525,0.4421052631578947,0.11934351984386282,0.22711470414328774,-0.10777118429942492,0.282258064516129,1.1211340206185567,-0.8388759561024277
V9c8K7Tx,0,human,,75.9090909090909,16.0,59.90909090909091,0.2727272727272727,0.6363636363636364,-0.36363636363636365,0.17738858274158795,0.23359388079291565,-0.05620529805132771,0.6666666666666666,0.2857142857142857,0.38095238095238093
VKOgeBjE,0,human,,93.53846153846153,28.846153846153847,64.69230769230768,0.38461538461538464,0.5384615384615384,-0.1538461538461538,-0.32940436198358203,-0.47922070444145276,0.14981634245787073,0.25,0.27027027027027023,-0.02027027027027023
W1u1DgHx,0,human,,50.833333333333336,87.30434782608695,-36.47101449275362,0.5,0.43478260869565216,0.06521739130434784,0.12402564239656397,-0.19759211010518526,0.32161775250174923,0.6181818181818182,0.265625,0.35255681818181817
WHR2zxGw,1,bot,Boris-Trapsky,64.39393939393939,40.36363636363637,24.030303030303024,0.30303030303030304,0.2727272727272727,0.03030303030303033,0.020228287934710692,-0.43618221140610236,0.45641049934081307,0.9493670886075949,0.611111111111111,0.33825597749648384
WM385Gkv,1,bot,Boris-Trapsky,53.43478260869565,31.652173913043477,21.782608695652172,0.34782608695652173,0.5217391304347826,-0.17391304347826086,-0.15762002987815524,-0.34790127894715955,0.19028124906900432,0.7135135135135136,0.5877551020408164,0.12575841147269717
WOQH6rNk,0,human,,44.55555555555556,58.27272727272727,-13.717171717171716,0.26666666666666666,0.3181818181818182,-0.051515151515151514,0.3037483196109612,0.05720382203578338,0.24654449757517782,2.897435897435898,1.671128960285587,1.2263069371503108
Wmjffc1x,0,human,,37.34285714285714,49.35294117647059,-12.010084033613445,0.45714285714285713,0.29411764705882354,0.1630252100840336,-0.17425923401960586,0.06015800152453581,-0.23441723554414168,0.6927113702623906,0.7738095238095238,-0.08109815354713323
WoUnyXm1,0,human,,35.4,50.78947368421053,-15.389473684210529,0.4,0.3157894736842105,0.08421052631578951,0.04240216246935306,0.4697852949736218,-0.42738313250426874,0.3,1.647058823529412,-1.3470588235294119
WzuhiKmz,0,human,,41.916666666666664,52.52173913043478,-10.605072463768117,0.375,0.43478260869565216,-0.05978260869565216,0.416557619199752,0.13584239409706886,0.2807152251026831,3.48019801980198,1.2505747126436784,2.2296233071583016
XJIcXRSi,0,human,,12.3125,29.4375,-17.125,0.375,0.4375,-0.0625,0.043839250497366866,-0.2759307410395314,0.3197699915368983,1.3444444444444446,0.49044585987261147,0.8539985845718331
XX2wXSlQ,0,human,,50.81818181818182,73.38095238095238,-22.56277056277056,0.22727272727272727,0.23809523809523808,-0.010822510822510817,-0.15160122303826865,0.12428747479467006,-0.2758886978329387,1.3621794871794872,1.9272727272727272,-0.56509324009324
XfZwlTea,0,human,,60.785714285714285,33.42857142857143,27.357142857142854,0.42857142857142855,0.6428571428571429,-0.21428571428571436,0.6116274363729208,0.07181341154187476,0.5398140248310461,2.5384615384615383,0.8333333333333334,1.7051282051282048
XpiCE9TS,0,human,,27.818181818181817,62.04761904761905,-34.22943722943724,0.45454545454545453,0.5238095238095238,-0.0692640692640693,0.30632527301308277,-0.15364739004661013,0.45997266305969287,1.122,0.9029126213592233,0.21908737864077676
YY2xnczX,0,human,,41.38709677419355,25.387096774193548,16.000000000000004,0.25806451612903225,0.41935483870967744,-0.16129032258064518,9.672481058683549e-05,-0.1783681757576635,0.17846490056825035,0.6344827586206897,0.5603543743078626,0.07412838431282709
YcgFlqIp,0,human,,43.75,39.9375,3.8125,0.375,0.375,0.0,0.005570831910095192,0.14190937740164314,-0.13633854549154795,1.551451187335092,0.8178807947019867,0.7335703926331053
Z2vlJCS8,0,human,,48.75,19.72222222222222,29.02777777777778,0.5,0.7222222222222222,-0.2222222222222222,0.3810077534968496,-0.032890055918741966,0.41389780941559157,1.1633466135458168,0.7846607669616519,0.37868584658416493
ZGHzdcsG,0,human,,43.4,31.857142857142858,11.542857142857141,0.2857142857142857,0.45714285714285713,-0.17142857142857143,-0.14335776422709806,0.037866634796776016,-0.18122439902387408,1.3680506685432796,0.5777777777777777,0.7902728907655019
ZGqhoOab,1,bot,Boris-Trapsky,51.206896551724135,39.70175438596491,11.505142165759224,0.5172413793103449,0.42105263157894735,0.09618874773139752,0.012594117686817067,-0.09574515237435871,0.10833927006117577,0.8165680473372782,0.402892561983471,0.41367548535380716
ZhNGLISm,1,bot,maia5,49.12903225806452,61.25806451612903,-12.129032258064512,0.3225806451612903,0.3548387096774194,-0.03225806451612906,0.3097899985693656,0.24001500861463684,0.06977498995472878,1.4739652870493993,2.1538461538461537,-0.6798808667967544
Zl1nAbCh,0,human,,76.17777777777778,72.0909090909091,4.086868686868684,0.4444444444444444,0.3409090909090909,0.10353535353535354,0.2160638093911741,0.2577372658468998,-0.04167345645572573,0.7456140350877193,1.9415204678362572,-1.1959064327485378
ZwtuuIMl,1,bot,Boris-Trapsky,66.6923076923077,33.11538461538461,33.57692307692308,0.23076923076923078,0.4230769230769231,-0.1923076923076923,-0.4034880322169778,-0.363442325673962,-0.04004570654301581,0.33807829181494664,0.717948717948718,-0.3798704261337713
ZzC1Y5TH,1,bot,OpeningsBot,18.272727272727273,44.523809523809526,-26.251082251082252,0.7272727272727273,0.23809523809523808,0.4891774891774892,-0.3142737129594045,0.548388449672668,-0.8626621626320725,0.39999999999999997,2.541176470588235,-2.1411764705882352
a4k0Mc7j,0,human,,45.96,13.72,32.24,0.36,0.52,-0.16000000000000003,0.143221474535593,0.1303063209474188,0.012915153588174189,3.9266666666666667,2.7934272300469485,1.1332394366197183
a6rX0AcI,0,human,,58.25,45.7906976744186,12.459302325581397,0.4090909090909091,0.32558139534883723,0.08350951374207188,0.03795857752103222,0.06146620483877229,-0.023507627317740074,1.2592592592592593,1.2444444444444445,0.014814814814814836
aR7wtZhf,1,bot,maia1,116.4375,64.375,52.0625,0.375,0.4375,-0.0625,0.4415751521733268,0.6384498991342343,-0.1968747469609075,2.0,1.6363636363636365,0.36363636363636354
aTH3trO5,0,human,,41.21311475409836,48.0655737704918,-6.852459016393439,0.4918032786885246,0.47540983606557374,0.016393442622950838,0.2238838110437112,0.021694433595420833,0.20218937744829035,2.910299003322259,0.6933154182062479,2.216983585116011
aZjOgoPp,0,human,,20.146341463414632,21.195121951219512,-1.0487804878048799,0.1951219512195122,0.36585365853658536,-0.17073170731707316,-0.04801035956894971,-0.12094923522716716,0.07293887565821745,1.3078125,0.6206896551724138,0.6871228448275862
adxV7ywn,0,human,,46.306451612903224,54.95161290322581,-8.645161290322584,0.3225806451612903,0.3225806451612903,0.0,0.16554438240660524,-0.021635581678786316,0.18717996408539156,1.453978453978454,0.5,0.9539784539784539
atbLOLuV,0,human,,78.87878787878788,60.5,18.378787878787875,0.30303030303030304,0.4375,-0.13446969696969696,0.20524046757767364,0.4411960175739487,-0.23595554999627508,0.8140756302521008,1.8984651711924438,-1.084389540940343
avArJNo0,0,human,,89.47058823529412,83.41176470588235,6.058823529411768,0.3235294117647059,0.23529411764705882,0.08823529411764708,-0.1776481337181563,-0.15410356942418804,-0.023544564293968256,0.5889660211910852,0.6428571428571428,-0.053891121666057584
axt4snaX,1,bot,OpeningsBot,11.825396825396826,10.370967741935484,1.454429083461342,0.6666666666666666,0.5161290322580645,0.15053763440860213,0.2908333492603336,0.05697771094529214,0.23385563831504147,1.7612732095490717,0.7429643527204502,1.0183088568286216
b5miDsmx,0,human,,32.61538461538461,37.875,-5.259615384615387,0.27692307692307694,0.40625,-0.12932692307692306,-0.1978052759838518,-0.06608593670990255,-0.13171933927394924,0.3547169811320755,0.5980300187617261,-0.24331303762965062
bFT0VZyq,0,human,,54.22222222222222,36.75555555555555,17.46666666666667,0.28888888888888886,0.4,-0.11111111111111116,0.05797100487543903,0.0002790760542836866,0.05769192882115535,0.7682926829268293,1.25,-0.4817073170731707
bKUoDiWB,1,bot,maia5,54.10526315789474,101.55555555555556,-47.45029239766082,0.42105263157894735,0.5,-0.07894736842105265,0.15906765374623424,0.005334648491846225,0.15373300525438802,1.6911764705882353,0.875,0.8161764705882353
bLvxa2Lc,1,bot,maia9,52.42857142857143,35.926829268292686,16.501742160278745,0.3333333333333333,0.43902439024390244,-0.10569105691056913,0.09169213753266121,-0.14406811451865392,0.23576025205131512,1.0508130081300813,1.235618597320725,-0.18480558919064372
bZ7Jg8Tj,1,bot,simpleEval,26.160493827160494,30.22222222222222,-4.061728395061728,0.4691358024691358,0.43209876543209874,0.037037037037037035,0.019042806609286284,-0.033119294589673595,0.05216210119895988,0.8939027665860865,1.0941756012749928,-0.20027283468890633
bbrPzY6L,0,human,,22.96969696969697,44.25,-21.28030303030303,0.5757575757575758,0.3125,0.2632575757575758,0.27872707249284373,0.12813720977864487,0.15058986271419886,3.31681602530311,1.024473534433694,2.292342490869416
bcAeSu3s,1,bot,OpeningsBot,7.0,27.9375,-20.9375,0.5294117647058824,0.375,0.15441176470588236,0.0038296077211022726,0.34664314860906065,-0.3428135408879584,4.225,0.0,4.225
bhmeDyqZ,1,bot,Boris-Trapsky,32.128571428571426,28.82857142857143,3.299999999999997,0.37142857142857144,0.5142857142857142,-0.1428571428571428,0.25467300219577743,0.23842375864257706,0.01624924355320037,1.6911764705882353,1.4945054945054945,0.19667097608274076
bkxOpNyh,0,human,,70.60526315789474,92.27027027027027,-21.665007112375534,0.5,0.35135135135135137,0.14864864864864863,0.2390338395556273,0.19903604552544388,0.039997794030183415,1.285963687150838,1.6086626139817628,-0.3226989268309248
bl9nmgty,0,human,,30.5,25.44,5.059999999999999,0.5769230769230769,0.44,0.13692307692307687,0.27942811401523737,-0.04973114994657558,0.32915926396181294,2.033875338753387,0.7878048780487804,1.246070460704607
bwLo0mMY,1,bot,Humaia,83.92857142857143,50.55,33.37857142857143,0.35714285714285715,0.425,-0.06785714285714284,0.1057101666627718,0.2180748699280784,-0.11236470326530659,1.0033482142857144,1.8098859315589353,-0.8065377172732209
c9lRT9U6,1,bot,maia1,127.6,108.8,18.799999999999997,0.23333333333333334,0.26666666666666666,-0.033333333333333326,-0.002870038249955589,0.06847247234179524,-0.07134251059175083,1.277777777777778,0.5414847161572053,0.7362930616205726
cHuOLiOP,0,human,,55.898305084745765,68.51724137931035,-12.618936294564584,0.3220338983050847,0.3620689655172414,-0.04003506721215666,0.15475441966024966,0.18910592041868438,-0.03435150075843471,1.371939736346516,1.29375,0.07818973634651605
cWse5IYX,1,bot,maia5,61.0,35.69230769230769,25.307692307692307,0.2692307692307692,0.38461538461538464,-0.11538461538461542,-0.08043474289359616,0.14205046515282999,-0.22248520804642613,0.7407407407407408,1.3013698630136987,-0.5606291222729579
cXAAuuwq,1,bot,simpleEval,21.181818181818183,34.72727272727273,-13.545454545454543,0.45454545454545453,0.3181818181818182,0.13636363636363635,0.021360909625192947,0.12467667515959208,-0.10331576553439913,0.8510310864881502,0.7441154138192864,0.10691567266886381
cZav9YW3,0,human,,28.6875,57.46666666666667,-28.77916666666667,0.4375,0.4,0.03749999999999998,-0.3985706619492312,0.009031077494492062,-0.40760173944372324,1.0275229357798166,1.4736842105263157,-0.44616127474649914
cdS7HYOj,1,bot,maia1,40.925925925925924,59.22222222222222,-18.296296296296298,0.48148148148148145,0.2962962962962963,0.18518518518518517,0.0765838650396209,0.3210998011475903,-0.2445159361079694,1.4259259259259258,0.6966666666666668,0.729259259259259
coaYFTjs,0,human,,71.14634146341463,62.26829268292683,8.878048780487802,0.4878048780487805,0.36585365853658536,0.12195121951219512,0.3163559095240567,0.46789585643282255,-0.15153994690876588,1.7846153846153847,1.8025751072961373,-0.017959722680752632
d9VIVZw6,1,bot,simpleEval,19.842105263157894,17.833333333333332,2.0087719298245617,0.3684210526315789,0.3888888888888889,-0.020467836257309968,0.0630731683866348,-0.19278077454260104,0.25585394292923586,0.7815533980582524,0.42523364485981313,0.3563197531984393
dBhxXps4,1,bot,Humaia,54.93617021276596,73.54347826086956,-18.607308048103604,0.44680851063829785,0.34782608695652173,0.09898242368177612,0.03174958100430574,-0.014583176704056905,0.04633275770836265,0.9847908745247148,0.5776566757493188,0.40713419877539603
dnpJ86OI,0,human,,27.583333333333332,47.82608695652174,-20.24275362318841,0.4583333333333333,0.21739130434782608,0.24094202898550723,0.13093869641389158,-0.06448149909378297,0.19542019550767453,1.3138297872340425,1.05,0.2638297872340425
dvtOIBEh,1,bot,Boris-Trapsky,63.38461538461539,37.42307692307692,25.961538461538467,0.34615384615384615,0.38461538461538464,-0.03846153846153849,-0.052949901676115005,0.054007797346390336,-0.10695769902250535,1.0416666666666665,1.1041666666666667,-0.06250000000000022
eNSSsQv7,0,human,,9.785714285714286,36.30769230769231,-26.521978021978022,0.5714285714285714,0.38461538461538464,0.18681318681318676,0.24209464967675076,0.5396708930625029,-0.29757624338575217,1.2833333333333334,3.9882352941176467,-2.704901960784313
eS5CaW0M,0,human,,33.3125,52.93333333333333,-19.62083333333333,0.5,0.26666666666666666,0.23333333333333334,0.2995019343312414,0.5740684549171903,-0.2745665205859489,1.4457831325301205,3.0,-1.5542168674698795
eWrpb1g0,0,human,,53.666666666666664,35.1,18.566666666666663,0.19047619047619047,0.5,-0.30952380952380953,0.19534953049762116,0.05771753113064882,0.13763199936697235,2.3492063492063493,1.0187265917602997,1.3304797574460496
ebC9OzaY,1,bot,simpleEval,24.625,32.56818181818182,-7.94318181818182,0.5,0.4318181818181818,0.06818181818181818,0.0679333470446147,0.27068774143927304,-0.20275439439465834,0.5957446808510638,1.5820739968733715,-0.9863293160223077
etk0dZD3,1,bot,simpleEval,34.36363636363637,40.61904761904762,-6.2554112554112535,0.45454545454545453,0.2857142857142857,0.16883116883116883,0.04065908718423036,0.14666367231999275,-0.10600458513576239,2.139877300613497,1.1714285714285713,0.9684487291849257
fDlSedY5,0,human,,33.5,47.833333333333336,-14.333333333333336,0.4,0.43333333333333335,-0.033333333333333326,-0.06463484278713108,-0.016201089105358852,-0.04843375368177223,0.8875838926174496,1.0720812182741117,-0.1844973256566621
fEcUdMpv,1,bot,OpeningsBot,22.0,55.357142857142854,-33.357142857142854,0.5517241379310345,0.42857142857142855,0.12315270935960593,0.3240894303296033,-0.01617278650661006,0.3402622168362134,1.140295358649789,0.17647058823529413,0.9638247704144949
fHAAAJCR,1,bot,maia1,60.53846153846154,28.08,32.45846153846154,0.2692307692307692,0.52,-0.2507692307692308,0.008266122800119532,0.24317646905158613,-0.2349103462514666,1.6666666666666665,0.8260869565217391,0.8405797101449274
fKvwCbRJ,1,bot,Lynx_BOT,25.789473684210527,13.947368421052632,11.842105263157896,0.3684210526315789,0.5263157894736842,-0.15789473684210525,-0.1305076260655539,0.5508907615145807,-0.6813983875801346,0.9585492227979274,1.4320388349514566,-0.47348961215352914
fbB3EUqo,1,bot,maia9,27.2,42.97142857142857,-15.771428571428569,0.5142857142857142,0.5428571428571428,-0.02857142857142858,0.17061463081253175,0.32403432860942505,-0.1534196977968933,1.173913043478261,1.7007874015748032,-0.5268743580965423
gE3vyQe9,0,human,,42.02272727272727,50.02325581395349,-8.000528541226217,0.5227272727272727,0.3488372093023256,0.17389006342494712,0.08241318043787285,0.08810207015321693,-0.005688889715344078,0.7752087347463071,0.8455625436757511,-0.07035380892944398
gz3EOlpE,0,human,,49.5,34.68181818181818,14.81818181818182,0.45454545454545453,0.4318181818181818,0.022727272727272707,0.00539953029663417,-0.00446269993076337,0.00986223022739754,1.3267175572519085,0.8282828282828283,0.49843472896908025
h6SKB2ce,0,human,,52.388888888888886,45.72222222222222,6.666666666666664,0.3333333333333333,0.4444444444444444,-0.1111111111111111,0.35536410829963,0.4726744679815658,-0.11731035968193582,1.475206611570248,4.163398692810458,-2.68819208124021
hVE1HxHW,0,human,,50.21052631578947,63.388888888888886,-13.178362573099413,0.5789473684210527,0.2777777777777778,0.30116959064327486,-0.3690309924414276,0.34299047180123804,-0.7120214642426657,0.5575221238938053,2.5,-1.9424778761061947
hXFJaM5J,0,human,,67.95833333333333,57.8125,10.145833333333329,0.3125,0.3125,0.0,-0.10964849300321021,0.06996852563640163,-0.17961701863961183,0.9833333333333334,2.369788519637462,-1.3864551863041288
hxas7Khb,0,human,,32.6875,50.20253164556962,-17.51503164556962,0.45,0.3670886075949367,0.08291139240506329,-0.08564562796226019,0.10898667591864426,-0.19463230388090447,0.6436363636363637,0.9517543859649122,-0.30811802232854857
iCDVQkDW,0,human,,36.77777777777778,20.75,16.02777777777778,0.3611111111111111,0.5,-0.1388888888888889,0.42307405923338054,0.31296855764078735,0.11010550159259319,1.4981707317073172,1.6519174041297935,-0.1537466724224763
iCs7713K,1,bot,simpleEval,14.1875,16.265625,-2.078125,0.484375,0.40625,0.078125,0.042831561363569026,0.09781428091750297,-0.05498271955393394,0.8386666666666668,1.076923076923077,-0.2382564102564103
iDEFLOd2,1,bot,Boris-Trapsky,23.428571428571427,7.785714285714286,15.642857142857142,0.2857142857142857,0.8571428571428571,-0.5714285714285714,-0.4380705914760012,0.10441210505979669,-0.5424826965357978,0.5851063829787234,0.515625,0.06948138297872342
iOX4P7zd,0,human,,46.65384615384615,31.807692307692307,14.846153846153847,0.23076923076923078,0.46153846153846156,-0.23076923076923078,0.27982782515100163,0.41554136666145003,-0.1357135415104484,0.7307692307692307,1.6184971098265895,-0.8877278790573587
iWC8QnSR,0,human,,29.484848484848484,52.28125,-22.796401515151516,0.48484848484848486,0.375,0.10984848484848486,0.042680551502713986,0.28215626204112515,-0.23947571053841116,1.1607142857142858,2.5490196078431375,-1.3883053221288517
iZYAiFwS,1,bot,maia1,43.0,76.66666666666667,-33.66666666666667,0.7272727272727273,0.2857142857142857,0.4415584415584416,0.3075554278723763,-0.12615666832151723,0.4337120961938935,1.2888888888888888,0.4054054054054054,0.8834834834834834
idnPPqTE,1,bot,maia1,53.42857142857143,68.57142857142857,-15.142857142857139,0.2857142857142857,0.2857142857142857,0.0,0.3030448899677185,0.3850824921659954,-0.08203760219827688,1.032258064516129,1.901639344262295,-0.869381279746166
j6Hl6jq1,1,bot,simpleEval,39.7,25.866666666666667,13.833333333333336,0.3,0.4,-0.10000000000000003,-0.012683911221487036,0.43902883533497516,-0.4517127465564622,0.7924203273040483,1.862295081967213,-1.0698747546631648
j7GOlf50,1,bot,maia1,40.888888888888886,48.32432432432432,-7.435435435435437,0.5277777777777778,0.35135135135135137,0.17642642642642642,-0.09256315743376727,0.04011588008640172,-0.132679037520169,0.65625,0.725,-0.06874999999999998
jAvTgi4S,0,human,,37.056603773584904,41.56603773584906,-4.509433962264154,0.5094339622641509,0.4339622641509434,0.07547169811320753,0.17761414837456502,0.0330865142303936,0.1445276341441714,1.8813852813852814,0.5398119122257053,1.3415733691595761
jOKlZu3V,1,bot,Boris-Trapsky,51.9375,31.5625,20.375,0.5,0.4375,0.0625,-0.004254210374902275,0.4382250074153712,-0.44247921779027344,0.9315068493150686,1.1214953271028039,-0.1899884777877353
jTLjc72O,1,bot,simpleEval,29.594059405940595,27.643564356435643,1.9504950495049513,0.43564356435643564,0.40594059405940597,0.029702970297029674,0.023317842579184133,-0.269632529725816,0.2929503723050001,0.8883553421368547,0.678769401330377,0.20958594080647774
jz4FHmND,1,bot,maia5,34.57142857142857,26.408163265306122,8.163265306122447,0.20408163265306123,0.3469387755102041,-0.14285714285714285,0.06459882518823251,-0.023383422962430022,0.08798224815066254,1.2288557213930347,1.4729216152019002,-0.24406589380886556
kATnDxMn,0,human,,37.55555555555556,57.333333333333336,-19.77777777777778,0.4074074074074074,0.2222222222222222,0.18518518518518517,0.15902760330195587,0.24731002114042275,-0.08828241783846688,1.3528846153846155,1.68,-0.3271153846153845
kU2vGpX3,0,human,,58.65384615384615,36.07692307692308,22.576923076923073,0.15384615384615385,0.2692307692307692,-0.11538461538461536,0.16736402427826896,0.47036301127383445,-0.3029989869955655,1.409618573797678,2.3220973782771535,-0.9124788044794754
kmJYvFJj,0,human,,47.86538461538461,36.98076923076923,10.88461538461538,0.4423076923076923,0.36538461538461536,0.07692307692307693,0.05750076795571463,0.12451889785771614,-0.06701812990200151,0.6265780730897009,0.9892441860465117,-0.3626661129568107
kwuC6cpn,0,human,,25.22222222222222,68.82352941176471,-43.60130718954249,0.5555555555555556,0.35294117647058826,0.20261437908496732,0.1485796629362318,0.46501767436014946,-0.3164380114239177,1.382716049382716,1.338235294117647,0.044480755265069005
lIORaCM5,0,human,,31.3,9.1,22.200000000000003,0.2,0.6,-0.39999999999999997,0.49979304442411193,0.2588145503731088,0.24097849405100313,1.3125,0.823529411764706,0.48897058823529405
lK89Ze1t,0,human,,19.666666666666668,35.827586206896555,-16.160919540229887,0.5,0.3793103448275862,0.12068965517241381,-0.020087124218283705,0.07551520270164984,-0.09560232691993355,0.7322097378277154,0.5736961451247166,0.1585135927029988
lO9QNpaF,0,human,,74.08823529411765,46.44117647058823,27.64705882352942,0.5,0.5294117647058824,-0.02941176470588236,0.024044564982976673,-0.12373103628224369,0.14777560126522035,0.6565656565656566,0.7068883610451306,-0.05032270447947407
lQZr2DEt,0,human,,19.17391304347826,30.0,-10.826086956521738,0.6086956521739131,0.5454545454545454,0.06324110671936767,0.3515810202479561,0.12991008605112053,0.2216709341968356,1.7000000000000002,1.28,0.42000000000000015
lTX2mhxI,1,bot,maia1,90.4,18.0,72.4,0.1,0.6,-0.5,0.5758415701635041,-0.21285227406589402,0.7886938442293981,2.25,0.3870967741935484,1.8629032258064515
m65oqhAs,1,bot,maia1,63.55,86.43589743589743,-22.885897435897434,0.5,0.41025641025641024,0.08974358974358976,0.3488691689179364,0.2714634311783774,0.077405737739559,1.0810810810810811,1.2013081395348837,-0.12022705845380255
mE7qhYix,0,human,,16.772727272727273,46.904761904761905,-30.13203463203463,0.7272727272727273,0.14285714285714285,0.5844155844155845,0.2992903352650878,-0.10197109253231491,0.4012614277974027,2.6444444444444444,0.963855421686747,1.6805890227576974
mOU2FZ0K,1,bot,Boris-Trapsky,57.266666666666666,26.466666666666665,30.8,0.4666666666666667,0.4,0.06666666666666665,-0.2253004655178042,0.1953809809339207,-0.4206814464517249,0.515625,0.9473684210526315,-0.4317434210526315
msjb5V66,0,human,,61.96296296296296,45.15384615384615,16.80911680911681,0.37037037037037035,0.3076923076923077,0.06267806267806264,0.08449790069470772,0.5837754077620696,-0.49927750706736185,0.9775641025641024,4.737864077669903,-3.7602999751058004
nRKjBCaU,1,bot,Boris-Trapsky,33.0,43.0,-10.0,0.45,0.41025641025641024,0.03974358974358977,-0.09416970675561147,0.017109736624899886,-0.11127944338051135,1.1363636363636365,0.7992202729044834,0.3371433634591531
nYzrFznw,1,bot,Boris-Trapsky,6.818181818181818,40.45454545454545,-33.63636363636363,0.5454545454545454,0.3181818181818182,0.22727272727272724,0.351377101226902,0.21364536719862826,0.13773173402827377,1.1111111111111112,2.3351351351351353,-1.224024024024024
nc9yszM8,0,human,,35.714285714285715,87.46153846153847,-51.74725274725275,0.5714285714285714,0.23076923076923078,0.3406593406593406,0.1890352480165718,-0.13317057695922876,0.3222058249758005,1.4102564102564104,0.27692307692307694,1.1333333333333333
nmcBqLsi,0,human,,45.609756097560975,32.073170731707314,13.53658536585366,0.3902439024390244,0.4634146341463415,-0.07317073170731708,-0.08303095459929809,0.08189736919034087,-0.16492832378963895,0.6489675516224189,1.353405017921147,-0.704437466298728
npKvG0uJ,0,human,,80.17647058823529,55.588235294117645,24.588235294117645,0.4117647058823529,0.3235294117647059,0.08823529411764702,0.45010860115047896,0.2595596356101189,0.19054896554036005,3.6841768097373477,1.7412244897959184,1.9429523199414294
oEMqme5L,0,human,,46.58695652173913,40.58695652173913,6.0,0.41304347826086957,0.43478260869565216,-0.021739130434782594,0.06929073931546893,0.01173249616932619,0.057558243146142746,1.5102739726027397,0.8852941176470589,0.6249798549556808
oiaIinzY,1,bot,maia1,41.55,76.84210526315789,-35.29210526315789,0.45,0.3157894736842105,0.1342105263157895,0.06318167732590474,-0.12054608157144527,0.18372775889735,0.7719298245614035,0.6805555555555556,0.09137426900584789
onRtccuS,0,human,,56.60526315789474,36.28947368421053,20.315789473684212,0.5263157894736842,0.5263157894736842,0.0,0.4263913264557628,0.19832610422422917,0.2280652222315336,1.956043956043956,1.859636622728892,0.0964073333150639
oo2SdzOz,1,bot,maia9,36.65714285714286,54.088235294117645,-17.431092436974787,0.42857142857142855,0.4117647058823529,0.016806722689075626,0.11084905494022533,0.11439227990757844,-0.003543224967353112,0.7629513343799059,1.1714285714285713,-0.40847723704866534
owCIERKL,0,human,,52.54347826086956,30.869565217391305,21.673913043478258,0.34782608695652173,0.45652173913043476,-0.10869565217391303,0.1825997937564423,0.16657682192661477,0.016022971829827537,1.1095571095571095,1.1961722488038278,-0.08661513924671826
ozBisFxV,0,human,,47.824561403508774,25.92982456140351,21.894736842105264,0.42105263157894735,0.2982456140350877,0.12280701754385964,0.34224146664475497,-0.04840200771782963,0.3906434743625846,1.9076923076923078,0.6755629691409509,1.2321293385513568
pMyZ0xDV,1,bot,OpeningsBot,14.09433962264151,27.264150943396228,-13.169811320754718,0.4528301886792453,0.4716981132075472,-0.018867924528301883,0.2280568708251583,0.1030837642201024,0.1249731066050559,1.1122031122031122,0.8955135773317593,0.2166895348713529
pSkyJ2ji,0,human,,43.37735849056604,46.65384615384615,-3.2764876632801148,0.5094339622641509,0.36538461538461536,0.14404934687953558,-0.11675491435491658,-0.23015540262428666,0.11340048826937008,0.5017482517482517,0.6269592476489029,-0.1252109959006512
phrZzYkR,0,human,,88.76190476190476,53.523809523809526,35.238095238095234,0.2857142857142857,0.47619047619047616,-0.19047619047619047,0.29711592994703745,0.0033984877240281893,0.2937174422230093,1.775,1.108910891089109,0.6660891089108909
pq9KXrlq,1,bot,maia1,31.38888888888889,101.11111111111111,-69.72222222222223,0.3333333333333333,0.1111111111111111,0.2222222222222222,0.08493112697027538,-0.09026602635702909,0.17519715332730446,1.1666666666666667,0.6066666666666667,0.56
psAWCMjy,1,bot,OpeningsBot,32.16949152542373,11.830508474576272,20.33898305084746,0.5423728813559322,0.6440677966101694,-0.10169491525423724,0.0012173247210054026,-0.0616788455372434,0.0628961702582488,0.9988864142538976,0.6818181818181819,0.3170682324357157
psyjN07S,1,bot,OpeningsBot,13.938775510204081,16.666666666666668,-2.7278911564625865,0.4489795918367347,0.6458333333333334,-0.19685374149659868,-0.007417488578582996,0.33589777995945014,-0.3433152685380331,0.9353846153846154,1.72367873491469,-0.7882941195300747
pw6zugVz,1,bot,Lynx_BOT,27.962962962962962,11.296296296296296,16.666666666666664,0.4444444444444444,0.7777777777777778,-0.33333333333333337,0.3490988165530169,-0.003685435400957282,0.35278425195397417,2.3220478943022296,0.6042105263157894,1.7178373679864403
q01FXTQp,1,bot,maia5,60.60606060606061,35.75757575757576,24.84848484848485,0.24242424242424243,0.42424242424242425,-0.18181818181818182,0.46139374212614825,-0.031798700301772384,0.49319244242792065,1.8369565217391306,0.0,1.8369565217391306
qV2o1E2u,0,human,,40.6551724137931,21.551724137931036,19.103448275862068,0.4827586206896552,0.41379310344827586,0.06896551724137934,0.3088727761498983,0.24786037561309526,0.06101240053680301,1.5438356164383564,0.968421052631579,0.5754145638067775
qgvA0zos,1,bot,Lynx_BOT,23.189655172413794,13.0,10.189655172413794,0.5344827586206896,0.5,0.03448275862068961,0.3771260975237469,0.052206980110324694,0.32491911741342216,1.1003086419753085,0.8270178097764305,0.27329083219887806
r5F11hZF,1,bot,simpleEval,32.26984126984127,23.825396825396826,8.444444444444446,0.42857142857142855,0.36507936507936506,0.06349206349206349,0.03135427057747678,-0.17652810713219833,0.2078823777096751,1.100017765144786,0.6496519721577726,0.4503657929870134
rCIZNz42,1,bot,Boris-Trapsky,38.721311475409834,27.24590163934426,11.475409836065573,0.4262295081967213,0.5245901639344263,-0.09836065573770497,-0.17720959681762294,-0.11180535309614147,-0.06540424372148147,0.580481878922859,0.9870129870129869,-0.40653110809012794
rHLdjJea,1,bot,maia9,25.125,26.875,-1.75,0.34375,0.40625,-0.0625,0.006246030170834572,0.10922880219267536,-0.1029827720218408,1.1627906976744187,1.0204081632653061,0.14238253440911253
rhCE4nBF,0,human,,48.62162162162162,33.67567567567568,14.945945945945944,0.4864864864864865,0.4864864864864865,0.0,-0.29025925286797116,-0.05494488888304396,-0.2353143639849272,0.6577726218097448,0.9201030927835051,-0.2623304709737603
rpD7wwzA,0,human,,52.775,41.175,11.600000000000001,0.35,0.475,-0.125,-0.11721466779054475,0.38360798139661056,-0.5008226491871554,0.5593832020997375,1.5734265734265735,-1.014043371326836
rq8wN70c,0,human,,63.666666666666664,50.5,13.166666666666664,0.40476190476190477,0.38095238095238093,0.023809523809523836,0.08721628582825294,-0.16260151752323712,0.24981780335149006,1.369845766446333,0.5399678111587983,0.8298779552875347
rydEEZyt,0,human,,92.74074074074075,71.44444444444444,21.296296296296305,0.37037037037037035,0.3333333333333333,0.037037037037037035,0.047945330857627574,0.07768233819931498,-0.02973700734168741,0.910843373493976,1.23046875,-0.31962537650602396
sMiLZwVF,1,bot,Boris-Trapsky,62.166666666666664,44.666666666666664,17.5,0.4166666666666667,0.5416666666666666,-0.12499999999999994,-0.23418318463259333,0.39637902286631255,-0.6305622074989059,0.64125,1.8017241379310345,-1.1604741379310344
sQnPQp75,1,bot,maia9,61.28,37.36,23.92,0.32,0.44,-0.12,0.4775752199651796,0.20150534254008926,0.27606987742509037,2.261904761904762,1.5868131868131867,0.6750915750915751
sj1Kz6b7,1,bot,maia1,42.18867924528302,52.528301886792455,-10.339622641509436,0.41509433962264153,0.33962264150943394,0.07547169811320759,-0.10411891170978638,0.051913554070991914,-0.15603246578077828,0.6212121212121212,1.0982142857142856,-0.47700216450216437
smmtEGEW,0,human,,68.05714285714286,54.97142857142857,13.085714285714296,0.34285714285714286,0.4,-0.05714285714285716,0.12041303386005953,-0.012578619461169562,0.1329916533212291,0.9237668161434976,1.1277533039647576,-0.20398648782125994
spXxkB19,1,bot,maia5,40.04761904761905,50.8780487804878,-10.830429732868751,0.5476190476190477,0.3170731707317073,0.23054587688734035,0.2583623338350351,0.16270409674732692,0.09565823708770818,1.03125,1.0786872281534203,-0.04743722815342033
uFggqpCV,0,human,,56.875,27.8125,29.0625,0.4375,0.3125,0.125,0.6766171700495751,0.0008975180261545497,0.6757196520234205,2.4864864864864864,1.2830188679245282,1.2034676185619582
ucdedk9v,0,human,,67.9090909090909,27.0,40.90909090909091,0.45454545454545453,0.6363636363636364,-0.18181818181818182,-0.33757426611598934,0.4366245310652927,-0.774198797181282,0.5,1.1578947368421053,-0.6578947368421053
ugkFRLNo,0,human,,21.55,40.526315789473685,-18.976315789473684,0.7,0.2631578947368421,0.43684210526315786,0.3967730732284011,0.2916293293850118,0.10514374384338931,1.3164893617021276,2.3015873015873014,-0.9850979398851738
vJFFj61Y,1,bot,Boris-Trapsky,44.138888888888886,55.388888888888886,-11.25,0.5833333333333334,0.4166666666666667,0.16666666666666669,-0.374534415332614,0.3374296314031909,-0.7119640467358048,0.8155339805825244,2.9945054945054945,-2.17897151392297
vMCpnFc5,1,bot,maia1,44.8235294117647,12.294117647058824,32.52941176470588,0.47058823529411764,0.6470588235294118,-0.17647058823529416,0.22103725964949217,0.2330508695898654,-0.012013609940373232,4.105263157894737,1.625,2.480263157894737
vQCT5BXu,0,human,,22.13888888888889,34.42857142857143,-12.289682539682541,0.3611111111111111,0.34285714285714286,0.018253968253968245,0.00601280918331212,0.2894910146365739,-0.2834782054532618,0.9629629629629629,2.353107344632768,-1.3901443816698054
vRHuQbfE,1,bot,simpleEval,27.264705882352942,32.701492537313435,-5.436786654960493,0.4264705882352941,0.5671641791044776,-0.14069359086918348,-0.21671560911234367,0.09966462194886459,-0.3163802310612083,0.7770457697642164,1.4524398868458275,-0.6753941170816111
vYbW2Xfc,0,human,,47.206896551724135,42.275862068965516,4.931034482758619,0.3103448275862069,0.3793103448275862,-0.06896551724137928,0.3034003682523847,0.36713011278999536,-0.06372974453761066,3.9303797468354427,3.338709677419355,0.5916700694160877
vadR8zhd,0,human,,59.78947368421053,56.228070175438596,3.5614035087719316,0.3157894736842105,0.3333333333333333,-0.017543859649122806,0.03332007204176802,0.08607957096770087,-0.05275949892593285,1.8135135135135136,1.901360544217687,-0.08784703070417343
vtCLuov6,0,human,,49.225352112676056,43.33802816901409,5.887323943661968,0.352112676056338,0.4507042253521127,-0.09859154929577468,0.21822380231510263,0.08798259845671058,0.13024120385839205,0.7742440041710114,0.9545454545454546,-0.18030145037444323
wIWireHB,1,bot,Boris-Trapsky,24.551724137931036,44.17857142857143,-19.626847290640395,0.4482758620689655,0.35714285714285715,0.09113300492610837,-0.10521373719845716,0.42769783586437676,-0.5329115730628339,0.8903225806451612,1.859154929577465,-0.9688323489323037
wUQvzExB,1,bot,Lynx_BOT,15.142857142857142,30.714285714285715,-15.571428571428573,0.5357142857142857,0.4642857142857143,0.0714285714285714,-0.4361542211490633,0.01815169869516485,-0.4543059198442282,0.4030732860520095,1.0138888888888888,-0.6108156028368794
wdrjdvCY,1,bot,simpleEval,41.87301587301587,45.58064516129032,-3.707629288274447,0.38095238095238093,0.45161290322580644,-0.07066052227342551,-0.004221692712107787,0.07129095075211951,-0.0755126434642273,0.6585322723253758,0.8526589689380386,-0.1941266966126628
wg1Gicqs,0,human,,73.67647058823529,59.705882352941174,13.970588235294116,0.2647058823529412,0.20588235294117646,0.05882352941176472,0.3257524429697326,0.19184484591086745,0.13390759705886515,2.136986301369863,0.8798882681564245,1.2570980332134387
wnipXtln,1,bot,simpleEval,14.75,26.875,-12.125,0.475,0.4,0.07499999999999996,0.18003846313836802,0.15830724616007402,0.021731216978294,1.3657786885245902,1.4266169154228856,-0.06083822689829543
wtmTvNMg,1,bot,Lynx_BOT,26.25,21.31578947368421,4.934210526315791,0.47368421052631576,0.5657894736842105,-0.09210526315789475,0.11121999429720146,0.044326273206817715,0.06689372109038375,1.1265843621399176,1.0092592592592593,0.11732510288065834
xMj1eZo5,0,human,,45.18604651162791,33.53488372093023,11.651162790697676,0.3953488372093023,0.4186046511627907,-0.023255813953488413,0.10564326098884036,0.07187445514958013,0.03376880583926023,0.7534076827757125,0.6742233417296388,0.07918434104607364
xTh2ToII,1,bot,simpleEval,14.73913043478261,15.826086956521738,-1.086956521739129,0.2608695652173913,0.30434782608695654,-0.043478260869565244,0.4330129486159505,0.6833386073763842,-0.25032565876043367,2.088397790055249,2.68421052631579,-0.595812736260541
xmAJ0Jje,0,human,,31.0,40.592592592592595,-9.592592592592595,0.5,0.5185185185185185,-0.01851851851851849,0.14774808114059895,-0.029370325333386495,0.17711840647398544,1.2841201716738195,1.2057416267942584,0.07837854487956109
xpxWZXc9,1,bot,simpleEval,28.13157894736842,27.36,0.7715789473684218,0.5,0.4533333333333333,0.04666666666666669,-0.076257838870767,0.08563866354551639,-0.1618965024162834,0.8341573033707865,1.289002557544757,-0.4548452541739705
xtmLhQ2s,1,bot,maia9,57.84615384615385,75.48,-17.633846153846157,0.3076923076923077,0.44,-0.1323076923076923,-0.21523570180522833,0.40209679230043704,-0.6173324941056654,0.04938271604938271,1.511111111111111,-1.4617283950617284
xzc4MeYM,1,bot,maia9,61.8125,53.0,8.8125,0.4375,0.4583333333333333,-0.020833333333333315,0.18962956855299173,-0.021762300452303443,0.21139186900529516,1.1872340425531915,0.7054852320675107,0.48174881048568086
y3MaULb8,1,bot,maia9,75.71153846153847,81.25,-5.538461538461533,0.4230769230769231,0.36538461538461536,0.05769230769230771,0.10997246185734058,-0.04022997126560647,0.15020243312294707,1.1279904306220097,0.5685670261941449,0.5594234044278648
y7qnWukP,1,bot,Lynx_BOT,34.0,3.9545454545454546,30.045454545454547,0.45454545454545453,0.6818181818181818,-0.22727272727272724,0.14994075721723085,-0.16986036557207168,0.3198011227893025,2.2135416666666665,0.7093596059113301,1.5041820607553364
yEsHH11R,0,human,,38.411764705882355,15.764705882352942,22.647058823529413,0.29411764705882354,0.47058823529411764,-0.1764705882352941,0.21885802543135136,0.13906460081642388,0.07979342461492747,0.8099999999999999,0.537712895377129,0.272287104622871
yUMQtabt,0,human,,10.153846153846153,54.916666666666664,-44.76282051282051,0.6153846153846154,0.3333333333333333,0.2820512820512821,0.2538077962628487,-0.1771309875073275,0.43093878377017625,1.5384615384615385,1.125,0.41346153846153855
yYCBCAIS,0,human,,23.28,37.72,-14.439999999999998,0.56,0.4,0.16000000000000003,0.1537965984170941,0.30994602836836505,-0.15614942995127096,1.1144230769230767,1.1745454545454546,-0.06012237762237782
z73rg3cI,0,human,,31.25,48.025,-16.775,0.425,0.275,0.14999999999999997,0.025630725753218123,0.10589375778951157,-0.08026303203629345,0.7778284671532847,1.0929122291590159,-0.3150837620057312
zBHhAJq7,1,bot,maia9,32.86274509803921,35.8,-2.9372549019607845,0.4117647058823529,0.46,-0.0482352941176471,0.04577605209035678,0.11749167514012361,-0.07171562304976684,1.194554238032499,1.6453900709219857,-0.4508358328894868
zOFATCsS,1,bot,maia1,24.0,44.0,-20.0,0.5714285714285714,0.6,-0.02857142857142858,-0.016779167305050018,-0.13174416776788567,0.11496500046283564,0.7420289855072464,1.34765625,-0.6056272644927536
zQoUl4z6,1,bot,simpleEval,21.18032786885246,34.46666666666667,-13.28633879781421,0.4098360655737705,0.43333333333333335,-0.023497267759562845,-0.1550235934159613,-0.03392317675275497,-0.12110041666320634,0.7951256664127953,1.308563748079877,-0.5134380816670818
zlEXDjcs,1,bot,OpeningsBot,23.375,41.0,-17.625,0.4166666666666667,0.3333333333333333,0.08333333333333337,0.07640832256419494,0.032968329265578133,0.04343999329861681,1.090561224489796,0.19689119170984457,0.8936700327799514
zlyG7LXO,0,human,,27.0,41.26315789473684,-14.263157894736842,0.631578947368421,0.47368421052631576,0.15789473684210525,-0.16250004899388742,-0.2384671166190089,0.07596706762512148,0.9615384615384615,0.4233870967741935,0.538151364764268
zxqYUmlE,1,bot,maia1,19.855072463768117,23.014705882352942,-3.159633418584825,0.4492753623188406,0.3382352941176471,0.1110400682011935,-0.16845554313432126,0.2883662561718192,-0.4568217993061405,1.0084033613445378,2.311111111111111,-1.302707749766573
